filename,prediction,pre_class
002468e517eb2f7b746e365c636c3251b7901fd491ae0ad98469524a0b5b04c2.jpg,4,pose5
005bd0e44d1137878fa3c82b6ba3a64df3ecaea67a4fe019c8270f14c4eed142.jpg,3,pose4
00684ca7b0fa10f72c24fcb5ed621206de97af47f3ee89d8960e8605270905cd.jpg,3,pose4
006bafa88562c1ee6c86bf3c7b642a8f82783de3514891dfebfadd0b3b7df467.jpg,6,pose7
00adb8040a9ddd844ce171bfd78f8dcc381d604bd3769cec62a01d6c30a60c1a.jpg,5,pose6
00d815f29aad16a7fe356a40a8cea9babeb6714ca12f5bfa437cb9db92a77cbe.jpg,7,pose8
011d732208b8d62879b400a86798e4611018f79e670d815aa614394da11eeb96.jpg,2,pose3
02657771f8e75f46a6e680d26c5407a5c754fdd3ba537611441faea9e03f6556.jpg,0,pose1
028115dd4aafb7503ff09a460c0e64d36d9805926d2758811f283183f33004b0.jpg,4,pose5
029683370a47c4ac5d317fd7776ec9446babfa23cebc9938ddb447e505151dae.jpg,4,pose5
029bbb77678b22763f848ecc1c9708d07df897d15888f189141503188cb43ccd.jpg,4,pose5
02a46f7c3e4e93eff25bda735c73009b44acb73f4c6779eddccb844ca11e2ef4.jpg,7,pose8
02c1a2dfc87c9eb57199fee1acac8e5217a93a0071e507bd021351c3fb304726.jpg,3,pose4
0389a43eb84ae7a3e68b271820f6e9ef0cd2fdec7fa1392809b058d8ebaff244.jpg,6,pose7
03a86666aeacf5b8eaed8f14ba9d2f56e75e12977aab6c00e2a991ecca7ae8dd.jpg,4,pose5
03eebec4b6ada67655a40cec6b62b6aa6181483d283bf7d2f798e70064727771.jpg,6,pose7
0408d07195e0dfee88fb73474a140ff42d962ab428897a425f5683234cd97720.jpg,7,pose8
041d6512211b1dffc98948b23a500261dc430d0d0ba6c99e4d977b79023ad6d4.jpg,3,pose4
042644214a9ad68286bc40cda25f6f89830355b991080ded4e2dac4914165ed9.jpg,0,pose1
04ac2f736d3859b8e62e792dab320319e59f92b008a375edcebb602a96afbf8e.jpg,5,pose6
04df488f1c277e49ac07aa5d777cf317a0784e35fb6fdf4a8e1c566e8d1a83aa.jpg,3,pose4
052059352531e78bab7ee4c9fdffe2f085c9534b0f1d0b7016cbcda66da9bbd0.jpg,6,pose7
053fea38b424d8a5fe72d429228f080385bef065b136747213397b91aeb552c1.jpg,2,pose3
057108644b51efbfef3ece6a31a5801a7f280dc25cff90843dd8f2238767452f.jpg,3,pose4
057c55216e58c135aeaeeb48879a490f39bfbdfcf5225033fd579087ef8f50d7.jpg,2,pose3
05cc4d8977c9cf003ee2ed361b91a434bd21ed867cf1cd06ed384a749b816cbd.jpg,6,pose7
05edb8e16de95f1a9cc46a9f69543db52bc5e6a588141565fa2b8199573d9059.jpg,0,pose1
066f42cb986fa39308e20e68cb4a074224c9ab8b19c55f5bf22382c9b9826807.jpg,4,pose5
06b9bde64a07c1909fee38511294042a592bf32654f97f98675dd2b191422674.jpg,3,pose4
071fb00d4682929f47b4b5c88835552f250bac5fc53e8687bad2cfe643e30aaf.jpg,1,pose2
0754578e00fa3775f47e9b3825a21e32cc38d8cd1a60b4a78218717ad82766ac.jpg,1,pose2
07747ab6a7fb1e3ab983d43a5cdb9ef12196e917dac5cec7887977247dfd8138.jpg,5,pose6
08534284af3e0357e5a3cfd0256bac57826095ec98824db16ba0b8c5eeb126a0.jpg,6,pose7
08b91a2fa477bbef48ffc2b22cc325a1e665a801a3555b49e4364388d6dd05b4.jpg,2,pose3
08f426451d13fd4e7f3162ab44bb042de9838bf3518afcb2c956cefbdc3fcb53.jpg,0,pose1
091c69fdffc432a26a8811e56946ecfa682c69214cf3adb8eaafc48d4b651340.jpg,5,pose6
09270604e95fed62c3efe3fa48d596655371ec907897c2efecf32ac6777ba06a.jpg,2,pose3
0943f3c122d5585726d0c6f2338469235f6f2b8b4ba687b20f53ef1c7faee560.jpg,7,pose8
09922ba9d85260a12f0f495167e19b780b413280196754a2a6180dab36908f0b.jpg,3,pose4
09e48b3eed1b003e56a0721c03215aa88998766e608f1b36cd0b275861639227.jpg,2,pose3
0a3d687db2cece6b442cec13b02bedecc02c4681dc77f05487ff0424205f6563.jpg,7,pose8
0a91820fa63a9b6e1b4d47e32b8908fb8e0b26c395491daede6bdbf96dedd0ff.jpg,7,pose8
0acc9efa87dc279cfff6e25da2e2839be5a531afa30b83a19f8e6345ceea6dad.jpg,6,pose7
0af9e87f2cd6b3b820e2f6ef1fd4b8c9d257d58f6bebffce5efb715a86319c95.jpg,1,pose2
0b0cd27e5457115ffd06ed95316e7972cdfb091a9b0e55d184d0990a857b27cb.jpg,4,pose5
0b9ee6690b52493e4b087995dca04af7e98aac252dbd56a2e88955c13dad2e57.jpg,6,pose7
0bed48f4a67c1e534fe0b633f3d661bf2a3eb5d60cdf135bfe02a7d01e3801c4.jpg,3,pose4
0c41bd1a1657868734f7ab329e38fe7536f6570d13a4c18759cdc3f7e6e28bb6.jpg,6,pose7
0c5d4ba083948d04fac0023d3c06b03c2c44e682f84cec178efc50d9befe64a4.jpg,1,pose2
0cdd3230655336f39f2a93a027fa4651908378b76dd08ac212a0e61f48ead26f.jpg,6,pose7
0d4ae6319aa5fa71a2136229b8aa9d53ad0b5ab50fd4b6e5ab039b3110bd10bd.jpg,1,pose2
0ddd612051a803246d1f86c37acceba1e1c80554825a08127736315a94a1cab6.jpg,4,pose5
0e5675ff9fcad98f6ae0e1b4d25ec5206ac3fd106ce9af191084a909a9a97592.jpg,4,pose5
0e6af5dcba15d15769297543b4da13f9a922be6c550bb21ea176f6d264c4d476.jpg,1,pose2
0e8b392b67e2d2d1e1e22012722afb003b58aa75d423f7b79fc7137032b96646.jpg,3,pose4
0ec5e399b30231fb90fe60e0508791e8efdf0c26d587d8af3ea9f570c25cca3e.jpg,6,pose7
100528b1876e3ef1431af8c6939bf51f07dd8dc8071fc694acee8709ff328510.jpg,3,pose4
10576a70b1844d5068248ec4b6638f4dbac45efbb2644947145137791834a055.jpg,4,pose5
10b87de78aa55df8fef47d6af1fa1ee0840440b5aaa0888c6eb7efd866a8f6e9.jpg,5,pose6
116556c70f5e2dd37526842930ae348b4477bd4e6182dca184c4dd09b0c7f441.jpg,0,pose1
11fa3680c55d386f50e008e9c1397f3d9e1c6e79037b35f23d753a8bf9efe4be.jpg,6,pose7
1216e87cb2f5fd01d1bbb0fbeae72ecd57ffa5321f45d3e63ba5acf742a3857f.jpg,5,pose6
1251adbef23c6de67847b4a1bbe6fd0cb95f27d297c77cb23c14d3d10128e4b5.jpg,3,pose4
12aa6229cd87641bd6d781893d31e888a55644d3d446242f5d58e164a258bf50.jpg,3,pose4
12e979f15ac7d9f0133213a8c977904b2f32cbe9bb53e7ebd080ba633fc8ce07.jpg,6,pose7
12faa119caa394f1be340251ed8e2731c88dea8d222c2ba3a2f23cb9930cac01.jpg,1,pose2
132e595fac9c4f5080a3194b873c60f262526178e0b3b3e3fe9a1709004f7dd2.jpg,4,pose5
13653a25b474f9a5b3fd1bd19d0229d70283788d81075bc844f4dfadeda8d17a.jpg,4,pose5
139653eca9a82935926263397831effffd95ec5d9a2744de475274bff807c320.jpg,6,pose7
140883fee604b9a18936815368e3f2d5e9facd7666d511a8e25ad0aa0e947a06.jpg,4,pose5
142ab135ac0bd668fd0507316c0c33a9004beda3ec5f83bfca7ab52bcfae1bf5.jpg,3,pose4
1438cafbb9eb4f9437fdca9dab97095cdea56af1e35ca58d94138165c3e8ef38.jpg,1,pose2
148100e765132504b82ee81025678bc8ea0b75bf79f352db421876b5180aa896.jpg,2,pose3
14bcba1c9671a8c0592360c0a06eae7ad8131b1bd975c126da5b130742770084.jpg,4,pose5
14cfa4533ca6417abf0f7b1b8ffc3a3843b47bf04978d619b2e11c3c1b834b6e.jpg,7,pose8
161216fbc7493a5c87205b758ec487b6c45f0f91e873d4b4328ec0da0ae5eb90.jpg,2,pose3
1619766ebb8037b3a9301ae334ef2728ba37769da70bc6110c3f11780f269e92.jpg,2,pose3
165cd0d7d131f760a8123e4b487b796675e3f35539be63fb0474788de1cff7a8.jpg,3,pose4
167cbfec7bdf6cd058176fb605b547892d2e8ec815c08bdb8d8ae11b7b32f872.jpg,4,pose5
168c35a59f0b3034aef2b928b65f8815ff40e323fdd08d9af5a2d738f1f716af.jpg,1,pose2
16a97ef4803a829732167c9ac7e6e27712cceef072bbd168fbd231228e0ef435.jpg,3,pose4
16cf0babb8e0552d4ad8566ae7cf670e8129d9c8e225c29960c297fbd85ae253.jpg,2,pose3
170d3c8b0ddf9f527fa71d015d5bc1b3d796f791a5dbdb7634b54ee3b37a7a22.jpg,7,pose8
173c0fca10d58cc97106e74c81636f839e6a3c50661f4eef7d685900b7462336.jpg,4,pose5
1753083e22b89ab0d3edb9db1d4274dada06233e6d4f206e11baeea9b38de93a.jpg,5,pose6
18070a0d5cdcd1abc8e2e2d76d9ea6d9bd024af6a17b21e3a10e300bfe39bef6.jpg,2,pose3
182e44365e777e269c8d3d7898bc6fe5c357f2eab66d04e8497439063432f7ce.jpg,6,pose7
185cf4e44c0af909f3955b5c545f933b75d0068a1315bf116d2c46b85f3b1d8b.jpg,4,pose5
18916c17790d17622b2bf93921a2b15faeffba1c700f1b221bdb6b0c9faf8b99.jpg,6,pose7
18eb1074352d6409f4ce439f109136fc25d7da80a67c6159be6fe8a37dd9d55f.jpg,4,pose5
1997c38ecb6a5f79e1d993d58f7cfa9bc9d8576617432cc4da7e9e4f7a906e3c.jpg,5,pose6
19c33a647c3b4c20b070cf4f3c843ec57fc4116b978ce9ad0ba3f4490d787587.jpg,1,pose2
19d1ff7b386b8b34b2d883475935c38cb3b07ebd12950f3030902e5b4c84ec3b.jpg,4,pose5
19d618b7dcba8e075be3fb391728ba4d6478a05cee097ee1c0f29a314a84cd10.jpg,4,pose5
1a620f0f6df1f919c5e586b0b11f69151cfe8421490f346b05eef52c010cd092.jpg,5,pose6
1a9b3c63b9ea9104d4511b6a0f05ad869a742347fa4c520acaa6efa5c139d366.jpg,5,pose6
1ae5c189fa50b820fca1d44278aa06eaea1ab68136e3760325740db8c8a6b639.jpg,2,pose3
1aeb999d7e902aed27804a0be10f0417898b00fd9bfd02101c7e8832db0aceaf.jpg,1,pose2
1af56dd5ed6b83a478940a7ca3e29f190f9ec5dc86398d1ceae6ab684b83adda.jpg,6,pose7
1b44026c392e4e2f24b44a0fa3d4896cce05b8778f550937d2fbb09bf8097539.jpg,4,pose5
1bbe90d7fe1d14848c495b493aae5ff3a07d90b6935b37747077ea324bcc9e70.jpg,5,pose6
1bf26cbb220ec94a9644750fa359e8bc68123f18ff454159608360983152a37a.jpg,6,pose7
1c0082a412d90697935466a490abd4b8234f1a0a3bb30d60deff8beed2a65160.jpg,2,pose3
1c22fdfd55378b2d510c6bfae598cd76c4b8f8fac848dc257fff1a21b2544e84.jpg,2,pose3
1c5c479e8fa34e6bc777fe347877f6a46f2c295aa64753d1d8618bc9552e7b2b.jpg,7,pose8
1c8f88e617a0f9d694d55e561bb76c7f5a1692df2a183353f99ba8e57f0de0bd.jpg,1,pose2
1ca8622f8266f57fabedfecab0923df0c88e3a698f496d59e968b5e0a98fcfba.jpg,2,pose3
1d252adc1f414a933d994b4578eda1bf96dcca993e767af6de3ea29128869863.jpg,3,pose4
1d6396f80eaf8f3b5bec99d2df197cefc5cbef7b4fa875eb03a589fafc0c7656.jpg,4,pose5
1da9523d23d525df365f34a67e5ef9bdc233c17ea90101348140f39e00ccad12.jpg,2,pose3
1daf787abc7a891bf96c3d556296793a478bcdfc9ade86a9034b5166da8d4ae2.jpg,2,pose3
1dd3e7dc30ae92d81150ada7256bdccf8423d82b73f88a0c6ece85ab00d25644.jpg,5,pose6
1e2010bd9c9b52cdee2129dd97c026391b8d2173a0c4513ea268d7e956f76be8.jpg,2,pose3
1ea7c6864b363485e92c0035ae7b60e2776291844d9f84678939f9a94ad33c4c.jpg,0,pose1
1eb1c2c87c7ccd02b7e02dc9bfcbd822cb204134e949ef700a1338b3d3271309.jpg,3,pose4
1fb1436d29a9c11a9ffc473cf510b60127c4835aac18c243027114ff1c2879cf.jpg,6,pose7
1fccdf346793a465c257b1bbdfdc0fee3b9df14e2cd88ffe44136fb0b12120de.jpg,7,pose8
200e9f49f3206a32dbcc02708b2dff34dba383f05da9522b4d5f11068c38c20f.jpg,5,pose6
209b5ca290f2299f38dd1e255b2e32a4049971141c17e613dd55d40d334e1c68.jpg,7,pose8
20b4f02ab4f8802d559a51caa5cd43ee4404fc0e40d5ca5993262043075abda3.jpg,0,pose1
20cf4103cfbdecc77113a32e2e046b5e805a1d598974e752219c9a1efd2add9b.jpg,6,pose7
2127cac16dac3b97f1d29d225328bcd78457af749c68fcbcdb69134b65e44237.jpg,5,pose6
217aaad271fa028a9bd1708696565888d39fefc20755b28d7590bae08b25324f.jpg,1,pose2
21ad2976ca14ca1e5eba876aa56e325a5b659293270f471d291c99eacf0640b2.jpg,1,pose2
21b6d67d7c07cbe095b879c756a766c89dcecebdb8ced10940bcdc1bab213043.jpg,5,pose6
2237d213815dfcdaab2c0df5bf214d7d7910dd08f62871d50b0208ebcb253e45.jpg,1,pose2
224a3386395ce2a919cdf6427e51745c681242ba2ebe15885a1051a01cfb24b4.jpg,1,pose2
2289c6b76a25a8fc9aaaf4c16e9cf42331ec7efa5659a075b505fd0793493cab.jpg,0,pose1
22a8bbe76a69290565bb068765ca7abb5c368c8d58e623e035a2407ba0b0089c.jpg,2,pose3
22abb091127fb6f87aa608f1c2df173364f824d7016a49e038530c0fd8846024.jpg,0,pose1
22ca6f586c0976e742467665d7761c3356c5d81768c6cfa05683be4d4adf3226.jpg,4,pose5
237c87ba6eb4f4c5790427071dd55b05774457e4a2579e86c7761bd8d14f8841.jpg,6,pose7
23bd7b5dd1afbd1dcb6154b7e4bf6063ff898281c5c4cac1a8be769918cb81ba.jpg,0,pose1
2412895c29e391292f754b70ff0b3b84d040648fa28f4d108f679aa7dc9de9e1.jpg,3,pose4
24294ad351f8af2497b90994bb20852c5fca9e5577caaeba2b29e353ede09a42.jpg,0,pose1
249f8af97d084ca622790afcd6240ab2fda2943ed6b84235961bde5558404cf4.jpg,3,pose4
24e2dbf63178e71877f5c790409dfbd505cee875e7559b18ea172589505e7e6b.jpg,1,pose2
2526496b020b73e6b1b517980135243886f448fa2cc572211816fada0e68ebc8.jpg,4,pose5
253cc7704497d64ea55335b8a7693e36f9330c309e5a4f8f58d7ac2ff5a154af.jpg,6,pose7
25422f2e220cc06b0a6dc03d172b989c59f6af72a9d9470e1717e0d2b8ff036d.jpg,2,pose3
2555b8e813e27e71ce99773e7eebf789e6940e6cf294f8c507614082d1ad5840.jpg,6,pose7
258a34130af0fa63ec27c4f0dd3fad3593a549b252df7f887c42085db6504e06.jpg,0,pose1
25f30270d2a9e73babe542d89fe48ff64ad0fc9972b212410aa5663ecc99473c.jpg,4,pose5
264570f90f48a63258a72f7282089f8220104514b074cbd7e051863b456dc47c.jpg,1,pose2
2649b588be445078755923c321d526ee8d7213dacdc64de78e83c5aa24c2bd8f.jpg,5,pose6
2708fe9857f42ba432d0bf798f82f3128df5f9e252e94e640f18f387db1d0f24.jpg,5,pose6
270f3566f0da731fd518029410da404807eeda08cfcc0cf6e10919f299a0d2a0.jpg,0,pose1
27469b6ffb1798eedf3aab44832c4a42342b39cabd02ae43327ede2689dd30e3.jpg,7,pose8
274a0af8bba735c57c9f8e2fb013a286e5cddfcc88998275b564daa30e33caa3.jpg,6,pose7
27b81ab2d4f02a7a5fc475b541914aabedf94c7438425a7d9042217882940cf9.jpg,5,pose6
283a73ae826be4f36fbde6316f1d2f802e59e4ebaaa8c94e15d867983d5dce9a.jpg,5,pose6
286d688d494a490ceffb55c606123d9474efcc4dfa75b42f3c829a0be422b199.jpg,4,pose5
28cefa5f7686b55287ce82ce809d1087681e5fa9a67cacab691602a59ca09774.jpg,0,pose1
28dbe73fc69ed19619d7580cb4e012cc6eb673278ac0ed18266846940655532f.jpg,1,pose2
290096b24fdf19e03366e619f111fcda68d3f318cb25019fd0609d83c0d73dbd.jpg,6,pose7
2901f0db3c31981dbb8d0fec33c1cc73b083a03285cc2f817b3132a184c3ad31.jpg,3,pose4
2914430a6bb0451f28b0348bee001ac1d7506005a4a161dd2b1be8bec4af2f3d.jpg,7,pose8
2a3bf413a397e1d60fa267065d60b03e4fdd0c2a28ae29a0a00f9602f977d643.jpg,0,pose1
2a3deea26c176a2a5f669d1b2c1e13dd159c2d9274ff8e31abe4c6fb1f221516.jpg,6,pose7
2a445a408c09992eb97451ccdf36ff49d6d1a1a234c578359df82847ff9c90dd.jpg,7,pose8
2ac163b56fc5c5492581503ec9005d73ba6a6cf0eedcb881d484be5f58412dc3.jpg,6,pose7
2b2394345749bf244338690c0e91da1ad230ea4c51f4cedadc46ef14c9db805f.jpg,4,pose5
2b85881c83e7b495cb15ec5c95e011ee47ede9cf29e5122a0d7c811523fe09c2.jpg,5,pose6
2c1495878d5e31b3c34f1c25750cb97fc4faa0229b8337df2ca5613a1a05c704.jpg,6,pose7
2c27c179cf4e12e85fa304f948df35b255b7de5261ac01dfbbe8b92ab37a3832.jpg,1,pose2
2c301d8117839b39a8c968c4e88ab0f0dc4bb9b2ba710e67dc71bb6047471b32.jpg,7,pose8
2c30f54861ea8f6559722da2730688e6bd43f47aafa4de599fc0534c8e7484a1.jpg,1,pose2
2c9177302b366159ca563a9fe2d5d120d4f5eaa7a39eba63b28364e0aca4de22.jpg,1,pose2
2dd20939d7ec700cfe7f4e3a189c8478e22884e8a1be2ce2701730ad91b33d9b.jpg,2,pose3
2e131f4057d7a3e38a663b53635e4d2e86dc2802cdba6bd6440a9520cecf4abc.jpg,3,pose4
2e1d0cfecc196d59e7ff3c90ace0d3ec350b8146563186f5060d8abc6078c4c1.jpg,5,pose6
2e5a0b577b8b6766473a40e803676aa388efece7da1bdc767dc4eb8a08e80d82.jpg,0,pose1
2e6928a49372216e5b8097ced696c7ef0d2dcd7e1f24e504452ef55416e208c5.jpg,6,pose7
2ed3a2fb4a1ddddbebf3cba7123b692c4cd35ada589260b334d06a4b07b0d721.jpg,2,pose3
2ede048b36218e7306817f67b3eb6d0e09d226180b5e8f36429a5bf19315d22d.jpg,4,pose5
2f025f88d06667dc7be8a5adbeb187661a7b02d58c6958de64b523272f907fc3.jpg,6,pose7
2f1719f256b85acbce55e0e482cccdb4319de085bfc09fb0f195484a6602723e.jpg,2,pose3
2f945c95fd6594796ea9b1373a885fdf1002079bfd3a30b30279f158e09007d9.jpg,5,pose6
3002388beae799c6f7db19de79dcf47da36bca648192b03a43d747f3f8c2385d.jpg,4,pose5
304e5e34cdd289774b8ef84e56f479afa025a194709ddd0dfd821382a7d8e544.jpg,7,pose8
306078ca0f306be8ac24c148dee716eb92703faa53da4b170847cc6828fec58e.jpg,2,pose3
307c1eda9bfbb65860b8ac611bd1f9858623305c4b579048acee1dbdc43b2c00.jpg,4,pose5
30c00758105815af1f3ba9c09eb38e3a8e233a8f35a33d854159c9aaf52ce6ae.jpg,4,pose5
3134563e6d899d8bb759383751e72e274407f5b050372541913d101cc68c005b.jpg,6,pose7
3168321a093ee5cb857deb4a2ad33d501b68493a550688534972fcd73ad038a4.jpg,1,pose2
31b388a4b96b67c659bd1682fac596702d6b5ca20ce6b74d4a9d99b6a264b275.jpg,5,pose6
31d5acf770a5db2d44c2a146fc2daf769cda62057a2b0f31507dd38fe2f14746.jpg,2,pose3
322070a6bb14f198badd4373dd6b09ec7af6f2054dac2248d923ab670f6860cc.jpg,1,pose2
3280f036b377077b5836ad3aa93cb5406315d01a0261a39cd4f047ef768122d2.jpg,4,pose5
329509961431f6aa0d3c55ff2ece5acc2f1dab5198fe17c0f5063333717cb395.jpg,6,pose7
32a02bfad10b19ee8833f7f4c4c4783a7f1585b5eb0d315710cc7919ccb98a23.jpg,0,pose1
332aa70daf5815781f2ac83c391889496601b9ceb5bdadae952bc0cb43c11fd8.jpg,6,pose7
33a07f238fa2b9da5d4c22849115f622cef7b3c692050e9979c8c18c10f9c27d.jpg,5,pose6
33a2f9d1c3832c26a359cc862878cbc1df339807a83d9a1952e5532f9e87e8e2.jpg,5,pose6
33e4cfae22bd741d699076ab55057e1145f4218f2af947887068cd621129b674.jpg,0,pose1
34680abf209694d994909f2e4ffe8451c760f6060c5ce3c328f467f8907c1e09.jpg,2,pose3
349fccbd63e84c1297980aff51474eaa5899f4c57386b68d4d1a385a2cb35370.jpg,6,pose7
34c23b650ce417b1da40da3682f4fca67602f099c7f502868b74a4c2c28ea006.jpg,6,pose7
35068f0466af3925c3fe7784c360e28eb9a1b399cd38057a21f52d8356e059f2.jpg,1,pose2
350a285e0b638f1d56f7894c7f22a6836d2c4162e26f06dac17691d6308e772d.jpg,5,pose6
353303435cbf84ca47ad9cfe93a25bff3bab1ebd5b3d92a2b60c658b07188b69.jpg,0,pose1
354eab0ea3b15dde3bff03848761b15d6569e21efbd1ece499e281fc72372516.jpg,5,pose6
35da6199506fc59874711d0ad5af0624fcf6ed21277fc0714bc1e7ac5e2e0db7.jpg,7,pose8
36098f4deee8eff17214831dba1c8602e04c30479a954c8d2bdb308eaca5320a.jpg,2,pose3
361fbc8866f70138eddef6a923cfcf6139e458b51fac4f51ffbe726590897d27.jpg,1,pose2
3645b1a1e708ec4e4e410695db8afb46105ffbfb0ab269f4b8e146b7b8aa49b9.jpg,7,pose8
36709cd17bba0a4bed8c97a18cd2e4bd53e15e970eae234a0d999e1d4270c5a6.jpg,6,pose7
36aeed8ebe8171d214f286d44e127f9cb7e48711a2c576728b1421ead3eb346c.jpg,0,pose1
36f4fc1d5d3c04b3dfc6f9533a83f0dc9ea69903398c4a95f367d3593d2c6ef8.jpg,2,pose3
3707653d100a65e2ddafe8be32d4b9f23ea434e901191a05f4e6b1e5626b6d3a.jpg,1,pose2
371d5dbdf71d67360316235b559e83992f8d67c1469ae32152b45e8bbd8a390b.jpg,4,pose5
3754f8dfa494bd951c3ce6657382a314ff029387a9afc6d4fce227674871c815.jpg,0,pose1
37be92c4708ba1e6fca0687be6e6bf126518b01fd28b88c8b01c5f81b44ad552.jpg,5,pose6
37d2364f9f5fd312f80e694fccc86d8c4179eac347b681993781d7f7fd1b1a31.jpg,7,pose8
3800e596fd6b19363cf6a445494e19690991bb401716cf755a0a601c91860bca.jpg,6,pose7
3842e01b52862ffb58e24646418ac2cfdbcc688f0723341d3aa6d9bf58e19b80.jpg,4,pose5
384fa9b7069d6a5958e077bdee18e4cb5481a0815225d8e430e9620af1148dd0.jpg,1,pose2
38dde3c7b0b1e63a1bdd41f0f5050de45e2d9e443229e8010d828d76b90307cd.jpg,0,pose1
3989b4309891d74284aafd4041476d5500a92d3008634564600d8d6d54af71cd.jpg,5,pose6
39bd57e142291fef872bd8f41875b2dba29a81cb091441d8730ee13fb2c8e5b9.jpg,5,pose6
3a26fbd5df376bd67394e7ddd6f6cd067fce57558ac82a24c64eef99b2d6f1fe.jpg,3,pose4
3a5da7d6904eab20a34d5cc7d5739a7634b5e63c2978906c32f8ec14acd172e8.jpg,1,pose2
3a6d9a3fb37ade58eae0615d14000b5d6d1863ccb04c9fcbb83d9fe3cabb7f51.jpg,5,pose6
3b2dbf416179868754accaf4b6be8988b438c0ae38f492c873d624cf0d11eec6.jpg,7,pose8
3b69628140f90d951c30234f70d46df293c9a0a4f5f890b0b187bf04de61f327.jpg,2,pose3
3b97b88342046dad3d0f2e9f59dcf317596195a7b9b9ba043f8bc07752bdb729.jpg,0,pose1
3c2247a12b4c35c7b5061c7fa7464994a030306df94f3dd7427fa16a937157f5.jpg,7,pose8
3c40939f851c8f29e1d1263b2b4c3b3405fd6828e35d5da8e5535874efc83c07.jpg,1,pose2
3c515dd4145e5f9c1f19535da060d521f49f8564eb34dc9f61e5c690cf12e5d1.jpg,0,pose1
3c8df73e001c99ac98008e3998a6d07ddb2ccdef6d020b4e734054fc2cea6acb.jpg,6,pose7
3c95d70251ef4592c5b41f07677fa85e703b34b3fed0e3abdf9980c5459c3557.jpg,4,pose5
3cde9e2a90dc553e2837a7d433bd899e6627a447f38cfbc1565149e1ef08a475.jpg,2,pose3
3ce871529e6d2b13c2d4105ca446af5e4acbffa3130a47b5509efc855ac9a91d.jpg,5,pose6
3d0d4a35c87999727b4158a54e3c9daffb3744568c45d48e3aee2b7fdc6863e3.jpg,3,pose4
3d158db49f6a261f965a8adb205bcc3bad1a4d950ecb4ed91a26bdc7d7ea3b91.jpg,4,pose5
3d6285f7df3e849f335af5dd99141cab4d6f1061068f898ed11095be99ff9cf3.jpg,7,pose8
3eae399a866ee8d0cc65c21373695bf8c197e6b6fa145a680ae279406b72cbf8.jpg,5,pose6
3ecebc1c6aa7869dd7ad6131cadd57d42eba11abe8b7e04079657f8e23de6787.jpg,3,pose4
3eddc346fce548e3affd12dadb2035a1a999793372f2e58c978aef2e6f4f5f5f.jpg,2,pose3
3ee318d011409b73afd38d102a034d74c44fd5b33de2054af502575acb3bbe83.jpg,3,pose4
3f5549993deae780c0dba0957898104e0be9361a0c61110c03dc0f050d3c7043.jpg,0,pose1
3f958b64406dbe708bcc1624912e90528f97957fd5034dae36759e0a570f0b32.jpg,4,pose5
4019f04d78d242eb15bdc94a998e6817a4a6d177bb964ccd0c8313b3ba4749f5.jpg,2,pose3
40244792ba6064160efd12c88e63445035c81cb2ab563cf2063c0fb8e1b8649b.jpg,4,pose5
4063ef61a8c971daf33f951ef3f49ba85a070feddfb6e2f11e1feab4b6f0ca7c.jpg,5,pose6
406566152ece620608c5b97382fc97eede0ae00faed9404feb253250ae543c4e.jpg,6,pose7
4069bfa328c9c4ef07d273e4eb39ad45de428bf1791f65bc3d79a20bafeefece.jpg,0,pose1
4087bff586e2d84d4450d1ae6b3a0511659fa59751d3139f5b8dbfc0a9d271bd.jpg,2,pose3
40a834811aa158c79c71bc95f8c660e3c8043aca8b0678b2cad4601cf451f9ae.jpg,7,pose8
40d51dc3a0a9ae0d01755904ea681ca10f462d28082cf897ba400bbaef3948b6.jpg,6,pose7
410f51d08cc3c8d0fa0f8b9edc0e7b6f8f9cb4e5d1322c8d348ce7b882e3dcaa.jpg,7,pose8
41c93125adb5c196b52948eed024eb7743e2551c3cb9ff78db077e6a8fdda069.jpg,0,pose1
41fee962042c3da6929de0a2c428ba7b8a995db3b75540033df6db0f74986dc9.jpg,4,pose5
422b44565c9f14d1df55d9afaf82f9711d71969017793e628adfd0cc7b5477e1.jpg,4,pose5
422f33bc6cf8faa8a9c13b26425c48670715e24d82f0a01898036c8017f2c7b7.jpg,6,pose7
4307b61ca4303972a23e7f7f0c566ececfddadd4d6ac1190b3fd30475d4c81cf.jpg,6,pose7
43ddba528d68edca0cfcd631434e737cbddfda0037f110cb49fe4452036f66ba.jpg,1,pose2
440cc43101aed8d96ee0d87a1e381f010cb16dcdf417d885cb4b41471529acda.jpg,3,pose4
449cb3e44e9289ac5d73e800722a23b94412e563ff2dba776bc56a22c445fada.jpg,4,pose5
44b43ab9a0249a0cc281da403a3c173f8ecde7b16489057ca923fab0400ed4a7.jpg,3,pose4
44fc86f53fcc7a72876e5c06f0b89777debf655202acb2aaa434c0e19921bd7b.jpg,0,pose1
4537ba5ff2b2a9526c6ed0ef9353207ea68ca306598f62a1b91bd0a895ed5538.jpg,5,pose6
45429642ad6fd6f1499bf195b228b2dce820edcd8cbf95d260dc52c3edb604cc.jpg,4,pose5
454a1b00fca49f43726440502583b8263de6e6deab7000dc5eb383ad01740539.jpg,2,pose3
4551c8ff736f7db65de83602aede72ceea69c0b7bbcdb49a053cf9d8e7cae8f1.jpg,4,pose5
457b0f09938f2cc967a7b726e76f6ac01468a8465770ae069df1046d62482e43.jpg,4,pose5
4676035c4f4b947bdb284644cf6346e1d421d9b2e32def7f1ad9409246505932.jpg,0,pose1
47079964d11853d08b89662baddca61635df042088b03a3d1a674793ea22f61c.jpg,2,pose3
4724464a46fd1aaefd56896c3a2f5309a35ba5b3b1c2df7559f852ed148b650e.jpg,7,pose8
47892e47e0e19ca7b69b955666775ef3ecf2b9af9021d818bf3cb903f3b8e3b9.jpg,3,pose4
47a84b05414ff8a823b10476a1bd36ed133198ab400deccd91ab5511fce8616e.jpg,5,pose6
48112ba3d43c0a3d818acf90557b403d57b8c3c4bc3a0db16549b0fccac08708.jpg,5,pose6
4814b9b0f4136f13ff4848f5bbc1765d83ac131d8afdd64fa173392d36d8359b.jpg,1,pose2
48b5da78b59ca08178d29a48c4e72de82215a0290c188b64dd46790bd7394cfb.jpg,1,pose2
48b7cb7efd06463dcc577800266f854875d9e43fbffe6160f6fcc47fc2a774f0.jpg,5,pose6
48ead3e6d595dd2558050868268f1fb8e08bbc2fd93f34b996f61c7114b92109.jpg,4,pose5
492be4d5f57f96a7693b9495eaf7898252094f780be4eaddb0f395dde0197dea.jpg,0,pose1
49c68187a73ebe104c4f62d3ee9415e9e197cfedd6cca2379f02b590dda12de2.jpg,6,pose7
49e01e60b96cfcd09229c33c96eca7eb394af6837d0e360804fe75bcc49565ff.jpg,3,pose4
4a4e56277b9cb9f4bb5590fc1d740f652ba1015461beae8c243b867c0ec132b4.jpg,6,pose7
4a70710997b4531602733a80cb9ee33c30e505a3e706941caa972bea49d9263f.jpg,6,pose7
4a8dcc99a43cf91e242c11d5df81d4fe53da047120e46dd5c01ef2771b0af52b.jpg,1,pose2
4affc49161aa3cfae1440b3f9fbe1498e2624ef841bbda47a8234edb96dbc6db.jpg,6,pose7
4b379c88b4ef07a9f999c0fa3e68124a1b6383abab34dd3a4a4b098d6e1d2b72.jpg,3,pose4
4b5c44db90e70adb1e34590ad920c4250b9946d09b7c1f7f718fb76b99d71287.jpg,2,pose3
4b90a6c3f7ee0829723db0c67a44959000769b477b4bf093ea47237de7c49442.jpg,4,pose5
4b91a8c5a56896dff8e4ad4f5ea3b13e211a0d8ea62e714b1e66f255920722fc.jpg,3,pose4
4ba751d0b747484a9a5a73df1a5984e12dc314de1fb795f467e8648e5b8924f4.jpg,5,pose6
4ba80e9acd5c2f74f7c066aeb035550232c5c21937ca30e3307af06da65c68f7.jpg,6,pose7
4bcd826a0a844562a6839941a4e1f0f6a2d17844c91eba71b912729781cb44fb.jpg,4,pose5
4be1319f1fe8260064a6ed68fbc9c877a458092060c288672918ebedcc5b9b41.jpg,0,pose1
4d02372a3b87eb0d5824e24485cd993d155176aa61c4063b7eee294cf23ca5af.jpg,2,pose3
4e4af0465aaea40300804959a94a7080b4947d447e186612a93b0819bd6db57d.jpg,3,pose4
4e922cc8dcaf853d1f30fce76613ea65e66056f2bf3fcf34d5b04ef08f09937c.jpg,4,pose5
4ec13bb840766dbaa82bcb387d693f1b74cd1955d74ecd42efe0641937003a22.jpg,2,pose3
4ecf55d451b0a39d050217d62deb92a8db8d3dab19e2dafcf4a2bc107b03509d.jpg,6,pose7
4f04eb32e47d3f581175fef17ae243acdc740c7438e5cd8238b1ac1a92236308.jpg,1,pose2
4f4927a6c040468e97a3127b1c7973ab13cc7d62ce7c2c4f07040dcc0ed66908.jpg,7,pose8
4f6102de00cc36a7678ce16b255a6a331a10363d51ba1f869bce139529e21172.jpg,3,pose4
5037c1f389568ed5b281da7cf36c9b173b636eaca5dfe90cb506967530196afc.jpg,7,pose8
505791fbdf523e402c9712424e8f9f2232f08ad8fccf9ab703ff82daa57495d1.jpg,3,pose4
5086100639d66ee0f2bfe98dc5b05f4c6e571bb67147e45d44f9a80e632e3d62.jpg,1,pose2
50911bff7656f1bb590853eb393c8980bace564e761ef08e13d7f65de9b6a9c6.jpg,3,pose4
50d2f22e8295ed3b93ff0db0bc258e14c4fb9abda57b733c64c409b8f5699aac.jpg,3,pose4
51c8acb07cba57da0cc78964318b30c3bfea85b2a84a7f195bc65e2f7bb47f0d.jpg,1,pose2
523a7dbf5510c0730c0f5ea702a783a328744a05c328224ac8bc5a8f65deb53e.jpg,0,pose1
523c460c98e4003401acd0d9aa9431be0f000259ea97ec952a2917ab23329681.jpg,1,pose2
5240a6e782c86d8b214cf21ece1e561294a1a24281e589c30cfd8c33d45b0747.jpg,3,pose4
524a861c2ba705397b0283b9b22d3b790188ab398bfb4000ef7ff517e29ca078.jpg,5,pose6
5261da224432a8047636cd8db014eac162d6dcd71b46aa4df3083d29d99535e8.jpg,4,pose5
529b128991d96d9db2c36b2b9cfbd38845929df5c65a0a8b3891a7a297ef24f7.jpg,4,pose5
52b006fdc8aa8819eeee87c818850ad2bf14a5ddc88ee5e77cf9ce96b965100c.jpg,1,pose2
535ef2e27b9c0a8598193b3d031760ea9df28812f584d77d74ce867c98a065b0.jpg,4,pose5
537dffc15c589df0c2a8e2966fd0bd1c01e392b77eff68bd8a2622120793b411.jpg,6,pose7
5383b57c9b589cbbc577d874f802c37a77c630367b3a75c9b98859534929aa5e.jpg,1,pose2
53b42cb6cad0a01da446dc4063e463a6cdd098d017e8e17d4eaff82ee54521e4.jpg,2,pose3
53b6f2099a59679c9a0dfd7aa69d12a88ad392c98915267474dc108b4ba50812.jpg,6,pose7
5409183412a1aba0e051278e6afae458c8574bc8f7a11589a7d079f43828ff45.jpg,2,pose3
54a7d51d8f8e4cd23c6b38a547acf02684a3309359ab483902c9bfa205045d55.jpg,6,pose7
54cf60e5f7ab4b4431099b606b004471783e5aef1551bcc3050930a8097e64a0.jpg,0,pose1
54ec7434c414d79818f6415772c239e16bd1c077b54d82529c8b574c1567a179.jpg,4,pose5
54fa12a189d32712b3676c485efee21865988bf10a2b2ecc7be0039ae78f4be0.jpg,3,pose4
552f159d0d8a7ed2863e404e3edb31098472d6b6d0685a35e507fc3e745947a2.jpg,0,pose1
554f1919588348678c099c12dcbf409ed96ce9791ef6e19d0e01b4bae00c76a4.jpg,3,pose4
55de4eb6c26956389bc56237e15eb334431e2c0c02c2f2f99876299683347381.jpg,0,pose1
55e403ea3e4ca6e98e958edfd573fb1c4bfc9236a192ae97eca814979d54badd.jpg,4,pose5
563689bdc2b4cff32f6f9a11b8f0514c218a153bee48e91f91ae9313b47105d3.jpg,5,pose6
564020069aa5e6ccb35b6ba4de9f7d973cdd7246d21ed580627234af93d94199.jpg,1,pose2
56a4d3e5f7ffe0148ec99429346c54b9e749e50bb289d352ec2e613dd9eed5c2.jpg,3,pose4
56c574eccc5492b6b1171540c9d4d06768dd399a4f5deec0c8d1bf78cc320852.jpg,2,pose3
56e18fce5134cbf08afc3b473904069a0c63386c9637ceccd7ad39cf4bbf7df4.jpg,5,pose6
56f70fbb7cf754834a3cee172986cc4e68a5dc80f15b593ef550e673c1d70da5.jpg,1,pose2
576d5b8dcd19dbb6b246640650fcb8e4646013cd3b31635bbe94f7446514820d.jpg,4,pose5
5790023740fc4c15faa679347e2dfdc30a77d313f229e31573dcd222753ea454.jpg,2,pose3
57d52ca26519711b25f5aa491b0cccad37fea0653f3fb248ddc660b06c471e8d.jpg,4,pose5
58bfbf65cdb7a68c9fe07823e300ad58ce83f2ef2659de7079167eff0be820c5.jpg,7,pose8
58c0ecd09c7b4b9144c66aeb236ff2187fd947a6d0911a24da1f3192acecdd3f.jpg,4,pose5
58c79cb98f13d0a7c8b320326290bf3dfc0b0b2a1bd4799d6ebba0802e98591b.jpg,5,pose6
58d25ed298afcab3c965bc6368a31c73ce50bdee67a36b6feedca5890a7dd293.jpg,5,pose6
58e32024c52241da7e690868264b8cd4a1611547b6f3d67df47a8f54091ccf6f.jpg,6,pose7
590108a8c630fe6498b1b2b23fec6555b057543ab4a0ae811f1bf4498c7e41b0.jpg,4,pose5
59a70553d33174c7fce82a99d7574c2daf9cac92cf0a27504ec1b1715dae5daf.jpg,0,pose1
5a2b70c302b4dd3549f9ff0655693debf08e911697658f351608e8dd17a3bbf3.jpg,1,pose2
5a6ffacd952653b79ee630a9b662b8144e49e77d42e4120c9d28f4e5ded1cbe9.jpg,6,pose7
5aa636e0ac77db3ba49b7d8f5b1056ac72a4d3bcbf294c5f8e4ce75106e10c0e.jpg,3,pose4
5aaa5bd23d846b0c9bd2e8b8001d060f5936b647bcdd7f78d6985aa10ded0fce.jpg,1,pose2
5ade402bc0afe77ce6396384ef48cac88e6839b4df4d2cef15af7a881886b7e1.jpg,7,pose8
5b18b99daf7df8e1c863fe8b1579c68904316026e1905a4d1d45309610a6bacb.jpg,6,pose7
5b8e7eb25dd416fbed587cc9f17c2a408fc41a1a77eb45062eb2e08abffcefc1.jpg,2,pose3
5ba6164ae6f7405e432fd2b4c0859023a607bdc6bcd8981c6a443aae6f4d563b.jpg,1,pose2
5bbfdf56ab4b3669e5748a682d78857ef46b64fa7d57325ea1dd679305bf2fa6.jpg,2,pose3
5be6c52819322d7c57be8be3b6b0ac5a881bdabd3d2d43cdbb0eb0c44ae39a2f.jpg,1,pose2
5c2009fe3c89380dba8d392756f4be5850a7c9e38ce53f85e04860887199a10b.jpg,4,pose5
5cb2709bb2c08ace9fea58870871162564eca77381a859605d3f8f1135088c5a.jpg,2,pose3
5cd33dd1786fff7a2862b79e50dfcaafcd658c0c1536366d7cd0dbc0f5ba9ad0.jpg,4,pose5
5d849958ab03e0353e5802d420a0adf24abc05b169e878675e96346581926d5f.jpg,3,pose4
5daeebf944174eb07063da4553bcf596f13a3e8313694707edce481cff521080.jpg,6,pose7
5db64097a0dc17a848ac43ac605f58aba223b75af648b1ede3a875832918c6bb.jpg,3,pose4
5dd9dbaee9eb7fb37f629daf4d795ca8f5511645223a9b873515924a36fcc71c.jpg,2,pose3
5e2992d4d4c1dda098178ff99b26079ceeede9df1e64157e3bf44ece738ba9e5.jpg,0,pose1
5e676602b11fcd054e108d38b66926e74667315f4b395556ec7a62a7eebccc69.jpg,6,pose7
5ebc1ab49bd081264f0f7d9011990d4e39a249b0c88f30c34548268ab47ea82d.jpg,4,pose5
5f06a659505526b4a16d4abccef6dbf3c981916094072459c34f16036b427a7c.jpg,5,pose6
5f20acc60a19aa6a11aca7b80052e99341fe8dc293a62da52cdc5d4e64488836.jpg,1,pose2
5f990795e3f20ee0b95b9df063205682f4440f4f99297af23b815aba131f2655.jpg,6,pose7
5fabeb651057f5af774addde0893f3eb9eb7dfe001f2a869fc6de7445e7094a9.jpg,2,pose3
5fd73f7c5f097ac8ebf43a10293826b88a2739e457512f6473bb604241cd3e52.jpg,1,pose2
602f875e112fd75aeaf106c42b81c32200a5e9ff1906c2d0c6e0e3bc947f82d2.jpg,2,pose3
604652b0aec2b034e76fa755769522e1d8f9f76f9fd6b30b77276b0b8ca3e92b.jpg,5,pose6
605cb81489d8a29c87566cc39e29e2a5c1e64a42c885dcc0de4749ea998a14ff.jpg,4,pose5
609d8331d8da5aec49a06f2b88c0b7e843c0f521aa05ab98c3f97cc80ee322ca.jpg,1,pose2
60acaf3442aa2aa399bb69737996c43b29278eeb65214c4ea2f30431b8cf9ca9.jpg,5,pose6
60cd295f82c647910aa16c3bdbfa9ed392cf21e300e45da7f201ec77f941d9e9.jpg,6,pose7
60f03492b141720237bd9a21ef93e710513f1171e15fa079891c1a45f99a7717.jpg,4,pose5
6123d159d3853bd55bf8f4c1f44c1ff7c887ef913aa9740280bda862c4d2b4fe.jpg,2,pose3
6130d111da72acdf6170ca93381e5d8759e6c23d69202cdac255926f949287f1.jpg,0,pose1
6131b2c0d3ace5d64bded9eff1aa91c6716ad556361fc811aa829c08b03a8ef5.jpg,7,pose8
6196279467bdfd998e9a2ad4573a61ddf53a63153498d5817be475b9aca6e0e4.jpg,0,pose1
61b4fd33d020fb828ea3d6291d641bce1e25828d9514546ff4fae38d71feed80.jpg,5,pose6
62271330bd513e1ff4c290b84ec0e974802fc5c01fd6e51c423e013a006641fe.jpg,5,pose6
6237065190d39b279cfae07f61cadbedfdcb723aa783b8bbe7e3406f79946bbe.jpg,1,pose2
62e6ebdbf224ab13e819db9fb5cb9e0a056eef4c92dd7278ea4080197f547114.jpg,1,pose2
634b86fd182296753ec484e368f608a195b0cddc1f5ba327bfd8161b4640d34c.jpg,2,pose3
6354217061b8a2ef0392b505254b4c5afd10aabe079d057a40aa047c0eb83e94.jpg,3,pose4
6385e3941a4e95fa354e04e10db8201f82902653e53e28222f1e3a17de07aa9b.jpg,6,pose7
638a3e5b20e7eadeefac406255e45e26aaebee66b7e1cddb2937d1a0b7b853b8.jpg,6,pose7
63bd5fb65af748910be55456085fe5c1a062cfef30f845849a9b4b747b7ee35f.jpg,1,pose2
63e2263d835a754789dacdd20fd988a051e782f5c765613abb48113b551fdc38.jpg,2,pose3
63f235f48192a1a0da5dd2533f83b07892e703e45f724ae33605196ec9c7b2ac.jpg,0,pose1
64299d8e12f351d57e78f4067e94092f4828cb9ce1683e104e14166db2e24436.jpg,0,pose1
64b66c71bf6cb557bf899b22507ce281fb8aae7cbea8c7385ede332345ebecf4.jpg,5,pose6
64e8d46e3898ade03747fa0dac045edb9eb91d2ea78f867e6352c2a0b5156b91.jpg,0,pose1
650bbc19803400a41edfd622a3f77bea4350dc8e2e6f06a6274dd4a88656d699.jpg,5,pose6
657a7556ca86d667a5c1917e10f7758b891990aa4f5b597c4bbf9742ff181b1c.jpg,4,pose5
657d42647c26b2ea1ad81d573798ec0e75a33c52bee65e9af8225e775eeab1d3.jpg,6,pose7
6651b8b3caf8371c895e02c7172f64c5b06954b3a56fd07dcaeb602507e7767c.jpg,6,pose7
669214356b6f73496e6f122cffffe065e5129a589a47f23bf0759f8ea660d92f.jpg,4,pose5
66ba0d140903915145d8c7c661b93bdd17af928f35f9e38a6ffb630a310cd3e6.jpg,5,pose6
66d6580635c00679d885598f45d40c9d3a862baf26a238e1d33c84f8d32f0671.jpg,3,pose4
678639a5b7a3e23b48d0636bc76c29b16027429ea3f43579b8b097cf84da9c95.jpg,5,pose6
67be32b798c2f40b1517306321ab2c78fcba8170d80e2e0d401750d7af51b6e7.jpg,5,pose6
67f9247704fa3f5a2d2b24ba84d7b7d4d78afe1ee8316543d82b33b2902c90a4.jpg,2,pose3
680ca39c276785d83866db5b04e9221ae40c1f66e935fcf5f2d9f024e886c5cd.jpg,7,pose8
682b06c4cccd577ffe39e6174c9c79f99da9e37533572b9163e820ef9714021f.jpg,4,pose5
687a63174738b757f26b091521504fa0ece8644264e0ceedcf98d0c185836503.jpg,6,pose7
690c5fd318774c828d4ab7d51df08ca81625b49420c1a9f13167781095289a6e.jpg,4,pose5
6999a8a871b21766ec0c38a1fdbcfc2f30d993fc9bd513b23f66abae2d507e8f.jpg,2,pose3
69c80c3375ebc6d1069c48b3cb66b47dd765f08894ae0bc285f9fe893ee7af19.jpg,7,pose8
69d61de86e6d1c8937c279f25f7eba89b81b27f3bc3e1a5dd4e4f5226fc9a0e1.jpg,1,pose2
69e461e63adc6bd1f2e0fee0c8914c4e8a298a732ad93581ee50fea78142abec.jpg,4,pose5
6a19778e389b309add057aeefed87e262a10f2c1f287e49bbc4b045e5cfa0304.jpg,2,pose3
6a252fe016e5278800563a7429a1de2c52511600f2ef0e89d78d728f236bcb4c.jpg,2,pose3
6a387a51f1fbd87843824a5065167cd22607864a03927fd510bc0f825e2c2ce2.jpg,6,pose7
6a525e97e4e34d00eb26aaa32e5b43683fc408346d1a242b017ee18a6a87dd7e.jpg,0,pose1
6a75ed695cf88f1d4687e382d02ba21c4f8e0ffe61a5740dc846eda865a7582e.jpg,5,pose6
6a991cdf4900ec42877c5eb9ea685ccea97be9a12aad084ed0beb9e1f7a44f7b.jpg,4,pose5
6b3931d93fb3e40cb0ce34a81e1b5166849720cdd8f92c09dcc3799d4c15b7d5.jpg,1,pose2
6b6880e651179676697e9b4d8d88e191a7ea891b3cd0830517bfa5a1dfbde055.jpg,6,pose7
6bec8a9e149134431df3f1956c2669c13fd0e624f21d41e1ca763ce64ca9b8ca.jpg,4,pose5
6c56b044781b13d76c20db93d9d1c3c48094afff14a4832925a2a5609ebe2180.jpg,6,pose7
6c612be5cee62398e869828c25dc11f703f97cd0d064d204784e3b24a10e21a7.jpg,6,pose7
6d47b9c85911cb821ec925a7e7ac00201e3438eb640526b9a2fceb530545824b.jpg,7,pose8
6daccfa31e41f971ca042c5d1c00c16702c78535ccac89c73de35a9ba4fb556c.jpg,7,pose8
6dba622fb09cb6f7edb46c00d3d2149b7ad2648c4f81c5a0f43a1040498f2f7c.jpg,5,pose6
6dd7f416278a008e2c2faecdb24e2880f5dc71fbfff1e724fa9e940a7d0c370a.jpg,6,pose7
6e18cf4cbe934b352924650a2568adaa23afa26eb00e04c112ef7e89539bc5e3.jpg,6,pose7
6e192e43fcde59d80e53ab3bf87f54065ae401cf60be4dc6f6792f4f0a2adf1b.jpg,1,pose2
6e1a298796c6ea8cff619176ca5296ca4423e896ea631900ef2756efcd6b12ea.jpg,0,pose1
6e3b8b5d8e4f4307c3e474fb0473680fb109def7c983e4275e2948b20d857fde.jpg,1,pose2
6e7a9675af1d5e244a90e4393929b14ad4966bdd57de8f7836d18eab9518be7e.jpg,7,pose8
6e94d4d8477b7091dd7930506fdb6689dff31102bf9e5bbac6e664e197853edf.jpg,1,pose2
6eb17299d9bc823f38da5e60a217ce7a716f87997b802ea9fa6ef370b6daf35a.jpg,4,pose5
6eb21a659a27fd871037ca19088f3d0cc43d238ac7d615bf1ac1fc6a7e5ee571.jpg,1,pose2
6f21a9937c9339476e975971087c2e1763dc7c34b9c8ecf3e2ff53ebfd1f3f6f.jpg,6,pose7
6f25e0258c9723e5d7e1072b1a74b00d570d41a4df01822cc83ea2d4f1913c2d.jpg,4,pose5
6f498ce6f950ed3afa620d3231763fede15ce0c888188c80451f646435d3c9f1.jpg,3,pose4
6f533c4d1c29055b0a688be81d2429c69537cd17f2c08267627a186c32795c5a.jpg,5,pose6
6fd9100f1753526f412f77561a9753326b0e991b5c02e9c0e34d194ffdc11fe1.jpg,4,pose5
7044ce99e4dd6b2f0dae34de87a40adae06d4f74ffe7776538e87db2d1e20f57.jpg,1,pose2
705e902b5a917051e76203a05ed5eab0913a08b8f7a55cdb2b4c4f5ddca0d91c.jpg,1,pose2
71615c47efa433c048f794ef329fa944cb13fd054ee2d740a3b0fdb146d10178.jpg,4,pose5
7161c5e97f4e87f3bb75f1b69a7cec0d7df70c900ff35b0ac2e38b51c9488fac.jpg,5,pose6
71de24f03e0071e238330dbf47b99ce6b255768204ae868c0ee5aff8882d0aa1.jpg,0,pose1
729d6e0d7618d5a6d5e8acbf52a26025e55ae7b7170396b04f43a6bf2ff1c555.jpg,3,pose4
72d3c34d8945dfd3bf0b07cb6fe8370e02969143cc65831f0701ebe5c0d2befa.jpg,5,pose6
72f5e3ce602f7326d7d527de2c5df6b595f0f902e86c97c06ccfe084b9d95181.jpg,1,pose2
7313679285fffe97c7b83694991c27e17ff4386a841b9dc456be34f621f86539.jpg,5,pose6
733a72a06fbff21e6f23a6460914d65fad248e3a65048ba512cc09cbd8b55217.jpg,5,pose6
7368ce40b276d5f1e64c6789586377329ecaa7f901407527c536bdb5c34347d7.jpg,7,pose8
73dfbdea6d520ede78407fa862f689695232f7bcfcdf018d5dd5ddbc018bd417.jpg,3,pose4
73e19c5239cdf9f23645d051e3d86d872f514acb06cd86d3eed84720a7150488.jpg,7,pose8
741c277ea5b2cbcbec89e85e84f4ab752e061737ce62fda2a41f32c9327c8318.jpg,7,pose8
747089c31cf452167360af004a396707d50a5e21798f46454556cbf01d1c2e35.jpg,7,pose8
748e0bf7d1e23c6cae08897191e8cf6a5da431828f57ff4014330d712490ad18.jpg,4,pose5
7495ee45e4e9ded51e257c3e4f82dcb7eae8fc44f439c9b4c0dd4ca414679e80.jpg,2,pose3
74d43520cb47f05cbc8d53aca55fd05a6689cc6465d497b73628a5868b75882f.jpg,5,pose6
75d158e1e97829ae73a3db07dde4f457bba2f21862d60eed18a34b2e65e53e39.jpg,4,pose5
7669fd60c4de2ba577dd42191b145da5de593f180db625e21e06966b491db7d3.jpg,7,pose8
7695bd95db0b49b4cbc19f68378bdd0aff18ba5797a6061f85207cd0fb52c20a.jpg,1,pose2
77ae95daf01f11b59dd3bf9fa58927a915c3d1dd4c07ef238128940e905a06a0.jpg,6,pose7
77b7594b69b35698ca1ba85798ac1b33a7c0664fbc4236fe585ada219fbe5c23.jpg,4,pose5
77f67e7401e3370aa3d39761be71a43a40a8d70e2c3d1a96a38c7844948e7df9.jpg,4,pose5
7822ef115cebf6913ce27ed4be8856d6fc6dca76fa0e46cea28b6070479c9818.jpg,3,pose4
787a7ef57fd4c14f2a8a6667ec8527456aa18ea70242744aed6e2d58e65e3adb.jpg,5,pose6
78dce8a42dc1e1157b90beb6bd16f074917a9a2d4e8487a9a30a4c7771289723.jpg,4,pose5
7905e267ed29fdfb7b93844f7c0fa663fe7c4187c1b65fafbd9747407927e27e.jpg,5,pose6
791dbf36ab08c2fd8f55b7b423ebe83f521ee2addb0a3a70349c8251f90fa73b.jpg,6,pose7
79c66057dbfdea097785136066aedc4fa2ab4fef4f3d9d5f2a996c2c56e3dbd6.jpg,4,pose5
79cd04e39d5988bde41b7fa9fe401dfc90bb45e4fa62038fa4e14666653a68d2.jpg,3,pose4
7a76b91c153faf988f1da753cb1a9137d78c96f2a5a22515b81032ab151b639d.jpg,0,pose1
7b321f2c867595b3d1db787d7857f3071dcff3e3ca80bdfb286cedb8dc2e5cfd.jpg,4,pose5
7be796aefea1fbdfc577ec42a173945e47942e51cf12264111c9891653a64442.jpg,1,pose2
7c893bf2517c8237600540c6bdfa1147a4bc86e4dfaad4ee8567a2bc3a11195a.jpg,7,pose8
7c9732c6a3b654301ec52f879c5d04ab5780803a515ea0d7da052041bb2cabd1.jpg,6,pose7
7d617b3515c7825e06d98c3fe407d1319cd6ef23e4bae47c71ae46de4527d725.jpg,0,pose1
7d7a5b6337004f910df376258d4c1acc8bfa574ad6e3d17f8c88e155f6f7c3d1.jpg,0,pose1
7d9ea99684212fefd7e40a1fb1f7d83e4b1ed719bf6a1376b7cf3f756e472a51.jpg,5,pose6
7e581bec22e9edb34ac69c236ac3482f263a72184211b7ce2d9ab70ceeb2626e.jpg,2,pose3
7e6715267b758f77022e77533aec8c0cff2034a6e93f8ff71d9f912f399187a4.jpg,1,pose2
7e7eb4bbda2acfd9404eb7ecd8b1d46b3aba53e416296b11b332bb56d8b8e434.jpg,2,pose3
7e8912a00d98898976f109eb7e30f721d25ec594fb52a8c58e358c72fb02d346.jpg,4,pose5
7ef75cd54dd714024fd059ab9c6f6d0978110104887733bfb304a6cee19d1087.jpg,6,pose7
7f11f88f4274ce5c4d758f910d5b5fc2b5ed939b28455c0ecf925bf4deda0aee.jpg,6,pose7
7f60bfe891e1d6261fcea958a810ae4bae04948734d4f04954b6142f6de51d5f.jpg,5,pose6
7f744137c26c0a208197aa3956ac2bf391358e1f20739248397707d94fa05e99.jpg,5,pose6
7f80af0fcd5a4d6aa315359fb984b88280bd0267eff2e122262c59d64cc54b07.jpg,3,pose4
7fd64a710cb5b76fe69bda78031360056fcbb9e6a0ca74f0d8f785bcaa55827e.jpg,4,pose5
802a79c68617031c1dc148bc3cedce8272b5ae9be828c18299a2cc4d920d882c.jpg,0,pose1
80304b8911b9c994dcbfc4318fce26c6cbaa44a28f0f0f57f3a76935f747e6fe.jpg,3,pose4
80391f8fc7dd90df2775767f561fab28bb4b83024ea458eae36efe4a827b1707.jpg,0,pose1
8051e45e053d79e44a749e54df47d7c1cc5b2d0fcb631412f1e38202a9e7c254.jpg,5,pose6
806f34c655460f534977d8fd3b82d0540e5b7a0c4f32fb441926ebf9e24e5fda.jpg,0,pose1
8086b4cb4dbd148965d01c38dfa7e07c37263b1992c8a222efd4686f1cc0e36b.jpg,0,pose1
811055f898d5c94a4eb03088b66567ccc9e4d8c7170a5463a7fde05744bbe459.jpg,2,pose3
815195fe3ff971807af9defdd9d3127154e4bc04b2f0b038dc5312054bbd2bd0.jpg,4,pose5
816ed7e646e3d3384180511871918b38e8a417201e728a8b5d43598b1026abd5.jpg,5,pose6
81929578f1a157292c71cda203b22681d919ac4839c5826b8cac830c9270f2aa.jpg,0,pose1
8237512b9eda028219d174fcbb576328402fdb234032f6f40daa53062c273e52.jpg,1,pose2
826e00cedf035c49986254db3b25a8343644c9a258a59339ae2bbca706f774b1.jpg,3,pose4
829c46fb4ae5344dc50dc9ab34f842f3a9886796b101cdc1708a93a0d681b8a1.jpg,5,pose6
82a9a003ee83a63e2cb0010fe23b2b482c84bc9a125dbdb38bc42ed83d157ca1.jpg,4,pose5
83445740e6c4ddf0e4c6ba82688dff29dcc2af00388052d66292ea25579dc3cd.jpg,6,pose7
834c8e34a4c5f25129387e0a5eb4b98ee23c277abf9b510de7b91e2c8b0e4b40.jpg,0,pose1
8384ed395b47f2c88fae0bede864fac89d2b52a599b18ba886f9df389367e66b.jpg,6,pose7
83a702762c22cf78277490ed77923530299f31af3b1c2bfbf187b6dc01e2ea26.jpg,6,pose7
8425d9e68dad4d11d10b0e75ccc9adc29f69305819dfed20282cc8a11ac9516a.jpg,4,pose5
8431979a03b0d81608715b9c1ace25b0fa4633314a36976d30664f7f67b99e49.jpg,7,pose8
8477e7fed04563890a49d64b54c78caa56cd840695781b0fdb4a7a9a9643c5a7.jpg,7,pose8
84ce40ee561be694d5bf5da8d4ed1f445b70371861cba95f078de2ffa905702b.jpg,5,pose6
84e39356e9cd742f597ea83e58fe72614ca6716e58232b07e3bc080182b9f4c4.jpg,3,pose4
84e6da2696adffe2869fa05c4288ebfa223530f3400dc0eec48e5269f948635f.jpg,3,pose4
857cf92b0c528b70298d0805bc366cad9749f000d0c01e46bdcc2f7dea153b99.jpg,3,pose4
861092b598017280b80f845ab67049271d8a041cac801c687caf0e09fa513e60.jpg,6,pose7
86df880120bf19fce1214dc640eee9fc0c3954771d98aafd816b316d0fd4a09c.jpg,1,pose2
8734a7cb2ab2a3181b947032500c0e35591c116dd24dcfbc045d05a2a0529062.jpg,2,pose3
8735bf7c7be553b67127e96c02a7bb8a34f85809f842a9d89e2f973644b2f509.jpg,3,pose4
878c263f61f91dfd3aded146291af7ed42ec112357b3a3505f8fbd2d0008b6c2.jpg,5,pose6
878d9f018be7cce5d6db34cbdde609dd2a06693900922bcf30f81345caed986e.jpg,3,pose4
8797171c18964ce9088cf9dfa40fb3618fc96e05fcaf023e51c7dcbcaf5d0cd1.jpg,0,pose1
87b6c8236b93d34f4a04a9e70103cc938e50d70d82120df9ce329e7602a04962.jpg,1,pose2
87c5d175ffa8a3e307fd03a78821706423927cb6f921ec077a335f679b84f3fe.jpg,6,pose7
87cd59526516aea4a78c60ec9a3a116db89ce4333c8f3b7bb19a8b6102ed5f7a.jpg,2,pose3
87d2e781d9a807bef48a2830dac843c113b73dcb50a2b50c16c55daff1f44597.jpg,2,pose3
8801d175d03d4c42f86cb90bf6b745a27555171d2f49f57141dc062e8555812e.jpg,6,pose7
882ac68c60e27b70bb952142fedef0fc796062ec576c5ab92a70821754fb3959.jpg,0,pose1
88d5d4ff2b9cde4afd60541044a2b4c53e779fce5c7134c1f8a40ca638edad45.jpg,2,pose3
88e81f6ef357db04625255c48c7e96f9e78e7121a86ef37a963ba1c0e18f54d5.jpg,6,pose7
898143cf8ff4a77b10b84acabd46e0053f656b8f8f16fdabe56fa87434890ca4.jpg,5,pose6
89a6372859038b73dc3ff0bb997374976f7cda175d558a052984b38d5fe70a63.jpg,5,pose6
8a20989a0deffd1f6d2da79f089ebf9ed17df6e02b365fd8ac70554dc28f86d5.jpg,3,pose4
8a53e0d12e54499dc65f1b7ede5ec724a33eb4d7051c5d3b2fce23178f30ebd8.jpg,1,pose2
8a623466489277e2e257e28a82d0ad15e33f1c2d34d3444676c086e4cb3f75cc.jpg,4,pose5
8ae80a30f8f62d429fa7970f040c9dbbb75112335687eebe1843951ec944472c.jpg,4,pose5
8afefa613d2fd8ff870923f80c6a80a72900b7b66644e2c954f2a0bcedfb48cd.jpg,7,pose8
8b4d75be712ee274231318c8a734c7b81db7ca62daaf758d34737084ed284a53.jpg,5,pose6
8ba27d1b514b638422e4329e123ff4d4f21157a4d24d0e5df673b83223f65924.jpg,0,pose1
8bf408206c378e54d9a5807e8231d9e244123b96c396815bae9e4d89436147e3.jpg,3,pose4
8c091f05b50a6ef80ee2ca20a53e22e5aac87767bf2b1dffee650f486290ce4b.jpg,1,pose2
8c6bd40939acc348e02eab9aa6618a3e710248335346dc6c33c8de1939630e79.jpg,5,pose6
8ce8809941762935bb628f1445001e501a68bf78ad9f18081ebaa065d4d59512.jpg,4,pose5
8d10babebe1aaddc0accee01132f722d7cade55787820a8a86b156cad23f4e3b.jpg,4,pose5
8d62e6789722f7edf349576e39111c7ad179824849a2fb19a1b38633ec518e2a.jpg,6,pose7
8dbd2864faa64492a3abc1db5b36052c83879a5498f6710c1f6f3603dc1941d8.jpg,3,pose4
8dd7cdcc98f8c9be5a6709e6f77925634bccf82516268d27bcf952aa7e07e22a.jpg,6,pose7
8ddb60b1e2b54c51b0acf8407ba61502f30d2c62d2316e680be259b69c22c172.jpg,7,pose8
8e778bff6ecc5fa7618505afb2e74cab348118c87a04ed2dc18be7d51c5be656.jpg,3,pose4
8eaafdee2baf1363a2091beb0ae18513fb83c0cf58ad39a8504fd5978cd4c435.jpg,2,pose3
8f2e302fb0e8b92e3ff430cb8a8dda8540116b407bc99526bc2f2930e7b8578e.jpg,0,pose1
8f6d55a29b1e0efee9c194d8335a0e2ee27e8192fa5995fa7f1a3c7e705555eb.jpg,7,pose8
8fcddcce5f03d393f5968d71da8ce3b0437154738ee39ea15509edf81de46ecb.jpg,0,pose1
8fe2e345739d5d07635a071e696092cefbd662d01541ad092ed7764bc819c7c9.jpg,5,pose6
900d3dc995856bc8ad5cb550cf37ad30aecd55b90fc008064c843802bf213dcc.jpg,6,pose7
901fd94bc244dc0993491c6d3393632104eefec17e7f32d0f6dc5c1b2a4b804f.jpg,2,pose3
904fd3253f4acdd1c8e5eaea37bd4f8e1e8c5957c9ae1692f3cfecfe2099a66f.jpg,0,pose1
90b2ca2bfe78272be948ce18d3f0289280aee5f986313b005a865fe2e79cf233.jpg,4,pose5
9183432409e864f887d802517b7bc237150984f281bffd5ed22e4239b3bf76e6.jpg,5,pose6
91ad01f2afd544b25cb1547fb9e248996bdff80a16d55d5501ad5cd5897c8203.jpg,6,pose7
91c35d9b503058068b42afa3c65f37cbae1d16a0329f348070744159ef3f91a6.jpg,3,pose4
9218779238b3fe6614cfae2dd9e8a1cfdb423340b79ecda231e9801eb8fcd7f7.jpg,1,pose2
924a3ce8cfc6d7826a04732fce2aaf6a9528566331ae875448d4d8836ada469f.jpg,0,pose1
926f58f9bdca48e3308cca72271b0a6a29f802efdfebb73b8f2e9c9a14bdf095.jpg,4,pose5
928040c113d87dad09451e6c8a2aa8432032f32d79e2e27a2b68949f4794450a.jpg,5,pose6
929b5629fdeff2dec1397e4191d1ea12aae292834211a0eda735f33c98e496fc.jpg,5,pose6
92e48138abac46cc20092c9edc3ac617869e9f8b087257c2799049bd62d12efe.jpg,1,pose2
93778f79379ac27f0f0f20028f80ecabb4b1d18cab58f77dd02b34de0f053c76.jpg,5,pose6
94b7bb888e9ef4e5d648d27bc67867de88c7f0c5bc89031f0809e7bbd86975d3.jpg,3,pose4
94f24f0f765050575bb414316752c9f66bba59928d455f7bd615dd28c9f87d03.jpg,2,pose3
9527b7edc61e8299b8ccfd42956e18582b2dd8fafc756a112f91668c8ab6e8a8.jpg,5,pose6
95573eee1984034710b0a1ec2fe83913aac595095a24bdcf41cabbb3fe987ca7.jpg,4,pose5
95bea1911b366b71635fb2cc1e13d7e4f8ef00432fd56d7b69fd8589b207ca27.jpg,5,pose6
95c654a33e8c4b0181afbfa6447edd2efe542db934e0bc6d7559d7742fdfb387.jpg,6,pose7
95ce0c07a8423282737a4254260746a323b1e37f1d09e04e71d01e092d7d163e.jpg,7,pose8
95f668727e97cd92735bb6290531aeadb848bd85f8fb200831d75c299a74f8a8.jpg,5,pose6
962b02df9746732aa79608ac554835542ff68ffb5d105ae7f1888b614e0fed6b.jpg,4,pose5
965246e4635f80890fc732aeaf09ffa13e362d54494cfa8ca2bb6ed7797b8947.jpg,3,pose4
96914b071baf20061a948a96aca3b46dd30b6ab5b8e06a24652475dfa76dde05.jpg,5,pose6
969ddd5a2951155dc9ba78f4bb0cd85c614365be7aa2985355beb468dab77379.jpg,3,pose4
96d385d90da688ca9b5c76b24ef4e7b3bd144f469a231def7a84ba4629336d20.jpg,0,pose1
970953d891718345e431ee87c84dba7f983778e64f86cd3eb742383bb4e94fe0.jpg,7,pose8
979747ca5180d278a51fc229bb65614012cc7f22fb28e40cb91a4fade3714d1d.jpg,4,pose5
97a030e90acfe3c3d719e72197577a39287e9d120a0685ec1566cdd2c258e7a4.jpg,2,pose3
980c64e04bb7ff0518fc121c43f5de3ee596808f4608195f89510b12437c6356.jpg,5,pose6
98363607fb21e28b75b24fa7c688649ac863042708fc6f46cf0ef6143dadef81.jpg,3,pose4
99857b7419d75792fb13ccafb6e5f3a683b58d39c712a3c3bc49fde4e9543274.jpg,0,pose1
999e4ef3028622d2610faee0d8cac03cd11dc5145f1cc616b82c2a4ae03af348.jpg,4,pose5
99e03c386c407160c6ca98fb5fd2346c80eb8ef64c4b02220d888d969dba5dcf.jpg,5,pose6
9a1b645ea86dbaa63744e94a6211ef55dd2b5c192a1a791532ce5c118f58b268.jpg,3,pose4
9a995e4bbac9d3608fd2b70303f3b3570aef800b95e3fe08bb23151c4ed1319f.jpg,0,pose1
9ac37d118e77e99970ee32478f7bc45d2f3d9d1a57ecf38743dd1d2e4595f5e9.jpg,6,pose7
9adba1f48c2a96f3b03c744ff2b482b8d9045b7e3d7c6488c9ee2b6cfc9d5e2d.jpg,6,pose7
9ade5842882bac7d7dc7bc451bb47816a6353ee9daf625211ce900aec8a9ddb3.jpg,1,pose2
9c311f57fd80473b5268712c07dc3b51ac81ca43a7cbe09891684bc411bc4ec6.jpg,6,pose7
9c925595e8b5fe3912ababed4ad10aa5f81857eaf58b0c199506667759fb34bb.jpg,0,pose1
9cb82d501123bbd49037e5f6559b068c0dceb20eb1f4e258a46109b4382253ac.jpg,4,pose5
9cc680dbfd063a5e422463574ad7fe56d681e63ce5a615f512561395a28903b3.jpg,1,pose2
9d3a5b06c216ddfce2a1997d29a1bca757589df9766c00918ed683062787bd6b.jpg,4,pose5
9d88a7344347699833933796e0cac3bcbd5ae5a10322d92252665c8103e49355.jpg,5,pose6
9d9201f33bec5bdeea7871c17208094038c90122f4625bb650ccfa31f4494b7d.jpg,2,pose3
9dd48a81d32d03fa3f30c7245c96552de51329d6df46a9cf411a12e8dc116e3b.jpg,2,pose3
9e12a9ee4c14d297c462a599d057d68c1090bb22c8d5db4b07cba2136b62a4f4.jpg,0,pose1
9e6daeee02957383a4dd55e5ade0962297c4ec27ed136b48e77a55e85ede0b9c.jpg,6,pose7
9e9c4542268a11aec38d6dc9a60fe8427da681cc49b04dd958bd9877ab609fa5.jpg,4,pose5
9ea21dad3a158b5eca9c83440defa0ba765dbedfb32ff0c05e9939d4ff6e93ce.jpg,2,pose3
9ed818884269bca00e1f7d6fd9fa1bfe7ca93afe9908a5c861df2bf989d85d8a.jpg,4,pose5
9eef9d3ae4d704568cd42814cae46af8a88912e51a04e651dc668d6cf5385d08.jpg,5,pose6
9f1b88ae0458bb443b929337e658de74db2661113f6d321557f3fd3f5db67885.jpg,5,pose6
9f46dcc753ede0b77774733e84efddafd75a2efd39efcf48b4a9382a1e5eaefd.jpg,0,pose1
9f7bdaaa7716cb3d9b536abbed1d1a6d873a34af42fba2d543671080d81e93d3.jpg,0,pose1
9fa86783e8d35158c81a73d55de082b09be4d1f9a306494930705873eebd918c.jpg,3,pose4
9fadf63a228c51fabc4e0559f6ead0e680a6bbb2575e5215e5a749f54075eab0.jpg,1,pose2
9fbb72e170b0f5f33798f44a64c9fb323614e55ecd4d4dbfbe4a5a1838fd7d89.jpg,4,pose5
9ffd0830a12e76e0e6a70569e8c6b4b83ff9a654b2c62cd46408a9c1eb940074.jpg,4,pose5
a0291890b43f3706d23638faa5f8fcf65c65252609701c83cf81dcc10f85686a.jpg,2,pose3
a058fbe4ff9176f960fd17e4b8b9b9152c7062e7171b268b83d0c041c0a99372.jpg,5,pose6
a07835116a9c423443b254f0604da36aa28d6f108e0f9e4693ead6f4e9611560.jpg,2,pose3
a084b64678db070f9e9b9eaba017f47517caffa98dd64080709901f0e659e9b4.jpg,3,pose4
a097fa1ebe4b8abb217ddbba89a82f5c937778bbebe59a0dbf86a5b8d394f037.jpg,4,pose5
a0ad7bc6f6896611fdc86e3b8f2883a0f4120a21106d49c109049515e96a08a4.jpg,2,pose3
a0c81fa91cbd3e412fca7052e3c6d5adbb69f73015b8bd3fb287ac32965082e1.jpg,2,pose3
a1f37be6496ba2f70216b80b4ac1638781aebcaa9e91b050b2b6f895ca14cf03.jpg,4,pose5
a244df0e7f8ad40713d7445d4fbd635e25ac57482bd64100833d4a70ff86acfe.jpg,7,pose8
a2713f98a479205ee0b465405066505a4de49253cfb989fa7e5bd8606a293d3b.jpg,4,pose5
a2b84bd9485895190296fc9b0684e48399db77152ea6f92b5cb8ec178413fee2.jpg,3,pose4
a2f13c2933a283bb39e89527d298834e3ad3e41cf550396e26cdc969e76dd858.jpg,4,pose5
a35fdcccb9a348705cd559df3ab259fb287ef56617d18d44ce66087587463207.jpg,7,pose8
a368d5cef2f2a87a32accdcc5dd2c66341feb093d4d115b1d0dda125e55e65bc.jpg,0,pose1
a3792e0ce0193a6af3a44aa0564800af82bbd6bbe21f3eca3feb7c03901cc6aa.jpg,4,pose5
a38c4fe2e9c8529f05725d868645d8a7d8ba1760a14659f3cdb2962faba99ed2.jpg,0,pose1
a3cbd4232a55f3a8155cdf732bc4c2138d15f2d9f6dd21f58607596f49c69d3d.jpg,4,pose5
a408aab98831d1cf85bd943bcb5b8913525f67ba509f761279b8854891283dee.jpg,2,pose3
a49120cfc89bce23cd6bab7aef40a6d8612429ac8aff76f715a7c2ba7f134583.jpg,2,pose3
a4bc165cf0bebe72b64c0357d52bcfb925fcbaf3ec549060e3bbf3c0e3330e9a.jpg,1,pose2
a51506c5743476816f0269e6526e8d7a331e71773b7b76b4612c5dbcd494764f.jpg,0,pose1
a59ec2f8d948f1e0b480b67a6f86191e9159e4ce74121aad9d23a64a3cec3751.jpg,4,pose5
a609863e65b8da659b8aa5b8fa14e1dcc230f2b048850c8616465ef9cdd4e1f6.jpg,7,pose8
a6b446a0d69edf37719af1b1b6bdb778cb6bfe88ad7c9fe74e378ae265741bd4.jpg,5,pose6
a6c3b379723177133d478836727c7e790b6f251937053935ecbc1c8f61c92671.jpg,2,pose3
a6f744ec272f263d6df80eece8f141c90d1152a85a84e8d3ad9d977616470e56.jpg,1,pose2
a70e5d2070b7e635b7c0c73eb048179287edfa1f73f9c31376be90e697903c36.jpg,0,pose1
a7443a0a229bbe9333797cfb2f1bf842285c755052dbcc75963daf99504f23ba.jpg,2,pose3
a753ef4e10ef83db82d822a2de78ef52893f3c92b0afcaa0eb46c86688731675.jpg,5,pose6
a789767d452df044ecc8d76eceee1d05d32d43bdf1f75c9da929f589aab136bd.jpg,5,pose6
a7d7689ba37cbde5e9951b801dba0db517510640c4adbddb86273a119cf0ee4d.jpg,1,pose2
a7eaa7188ba9d1d97fe0f067a005b72f84212e6c1c205a0980b5b0f6c8bca6bb.jpg,3,pose4
a819b1121a9a3782bdeb6973e783e73154ccbcd501a8f54e3c98842252e5b6c4.jpg,2,pose3
a82ebfe5d00fffa1616b2b58f4bba02f5e91fa16ee9732d531732b5bc743f5c7.jpg,7,pose8
a864a2640c9db728ea63ef7c3bb2753524ccd2fabcb04c3c82e9f0625d2252df.jpg,6,pose7
a8690baab5419f02f4244f5822c4b39a965337d5e02de251bdd5385e83481a9c.jpg,2,pose3
a872dd2a2861ddd69fdedbf883abc2754fccf6a8a2e8811a7949376704d5bca6.jpg,0,pose1
a8fb53499cf6441427fc1b6799a47bb905be683483d7dde538e47d0a94f93600.jpg,5,pose6
a93ab5ed9b16da27a415bcc71914071d367407ad9efb2d5882dbf2cc0dff4d06.jpg,6,pose7
a94ea904ac7a24de61f8c9df041e9a5038543d3f994fd88468560e988fdb1092.jpg,2,pose3
a9b84913b473df402d81732f2ad7fb5aed0e27743b6ffa7c6028d6787a02b608.jpg,2,pose3
a9c7d7b4f819e73c34db52e8906c9bd0f26fef5457a344df6b51d285530b69fb.jpg,4,pose5
aa1513ac58d539918c063c1bb5886ebf89a19a5b9b4f41c83fc119c790cb0593.jpg,3,pose4
aa4fde3be24d6b83283f2760565512fc5c399d7f5a413a9982a8bb3d0c5dc473.jpg,0,pose1
aa94e9799997cf95c84b3ac413a5da63d6606546eeca26062d64249fb78cfc62.jpg,4,pose5
ab686f3cb7525c6110d7eb3e12b0cbdb0c4e9df7324dd930e95140a856c6cc39.jpg,4,pose5
abe82dcfa50ce32c40742f9c9509f208c22eadaf0061dfc4f90783d2d796a327.jpg,6,pose7
ac00845da7a7147c3279970e0eea1b60820a13829130246d4a8b2e3dc4aa81bd.jpg,6,pose7
ac6b7fcc3b56d137972a82a6fd2dc90323bd3ec5963519384b3c8a264f887a2c.jpg,0,pose1
ad27a2bdaf5f24e670545f7ceed023a804a966a41223d135806834e84cec2dc3.jpg,4,pose5
ada173be0bc020b4917adb9466bd0c392de646409009457c0319ad3a4b83dac9.jpg,7,pose8
ada3ce5c32b8bb9301c1a530194e66224c63f85068befd89e4ab60d37ded16a3.jpg,4,pose5
ada6813ecf269e713fa8d13a46253d2528d7651febacdd43cad8448af5bc9535.jpg,0,pose1
ae046441714069f3bf058824eab187598daf189cf83879357842a6584ebd0a95.jpg,1,pose2
ae311c930ad4650e1f80ba910dbcba75b746d8fabffc6102ff22f8890de6c5d5.jpg,1,pose2
ae695c886d1a874f8a4009c59760cc7806cf8b768476259648d6a26629c31ac5.jpg,4,pose5
aebcf0eac3bff762150a6076f511133bdcd2e042ba2de848fb6191c4c766d43c.jpg,6,pose7
af017602654661b4cc848c62673bb1914c43fc1f40d2c34c96b9489456ceb4d0.jpg,4,pose5
af20e6f125ec0a5c22134f1259b005635804f9ef566d8421985fad10657639f9.jpg,2,pose3
af276f96c43ec8ce095161ece88e6bf64fd9b762631fa1cf82496d315a782f8f.jpg,4,pose5
af3ba9154fd628675d9677a979cb40c3de653b71ba1d57bcf9f83c5c5bc6ebaf.jpg,6,pose7
af63093fcd22c4ab0859913ca19d9f80f3ef867473230a6de78ed53fee94f145.jpg,1,pose2
afc4810e899501fb78b19ef1ea6f2740231e96074118b71a36cf53e5b9a5d296.jpg,7,pose8
b041d41b2a273356e86159c65b8d2a0c75f765889f73aecb2b6f517142e987c2.jpg,5,pose6
b0606d1e14c0afac177f05c0353fcc22e7882bfdf8dfa9573f9e05a870676792.jpg,7,pose8
b0f35b3ee8b2dcdacbda3871ee53a30a9a895a85529ef88211fb0f30934cd99d.jpg,6,pose7
b0fcc9c15b13a20e8480717a0e9ea56392865f86a65952a267ba5e510c36496d.jpg,4,pose5
b169822930cdb67a9e80f4e361c78f6fd5fbb138fe845cdccbf2c34ee6d75819.jpg,3,pose4
b17e014c0a5722a6c7410db2af73ad8306b99758f8c8e9586d00eb0632eab92c.jpg,2,pose3
b1b02954d2685265847c96c64c85b9aa1dda037a1aa477a31776f0c730712a73.jpg,6,pose7
b1b2bfcedcdbdce764b4ab82e049bf7fb04124135a4a1e7eecb4282e5f429c76.jpg,5,pose6
b1b327ee391756aa67356da00c14c743af15f09a60d990773ec9f7a100c88586.jpg,7,pose8
b22a332d338cc2f063737865a3d5b18a5900543e22e157a7dbcd40f03d54fa97.jpg,5,pose6
b24cd9509dc4c939206bde22c202b09ada47d75328b869ed8a0c3dd2d596ad7a.jpg,5,pose6
b31ecb817d0414198fe61b41442344d083ef1224e0239a80dc5235d40ee78ada.jpg,4,pose5
b3234038c0785ebee35b6ff426f75f6fa1e3a9459317a0b6e0043ae3fbe31324.jpg,3,pose4
b39bed9844cc670dcfbaa6a758b6287db8691c865bd34157b28290580d564cce.jpg,5,pose6
b3be25644edb457795638fcfa2769f12e686471adfafbbb89788e516ead1cad3.jpg,4,pose5
b413b2965d05991671a4ffd61b67eb8bbc09159e0df679d92118a73b4c1612d8.jpg,6,pose7
b447b707e6684fe3a62d39f3b465c2d27527943e7a492c4fa4ec3593b38df53f.jpg,3,pose4
b47757740555beb0d9eaa7a12d8a2727e95dcdd9022a70497caff959087cea48.jpg,7,pose8
b4a96a99f2224db88f55d3b98afe37d08f8e811431ed806b04c2e10ab9055f30.jpg,5,pose6
b5953e9ff14efddd0a4f63120a04a9c85f8972ff76021217e20a5f1d52378a9d.jpg,2,pose3
b64f9c3a62ddc87213b0dd6a682d2f1225b1539ea6a0235e82f26179e972d30c.jpg,5,pose6
b6b4eef1323c690768977167c73977746553f8448edcb055a35b7ae645fad705.jpg,6,pose7
b6e4df687c46db8dbec2406e6f76b6282f8b9d29ed9d7c3e4420aaa4e7eea53b.jpg,4,pose5
b70c55e2f13d045ca44cb74e3e2b8c893ee450740d6360d4dcfb037ffcebe95b.jpg,6,pose7
b72e8f6812e83bae04dc379e9b4f95975a339f48842bbf819a28758a2b7b9c1c.jpg,2,pose3
b7e5098f0f20d1b5a5105f80428cb1266092352ce4d6281b2391bbef0059b54d.jpg,4,pose5
b7eeb5bb5d6a66ebf019f7b713e97b989a6515061a62683bf09606e0988e8e78.jpg,3,pose4
b7f6a3249021c48a21c65f8dbfdd4abdc9cb15d3bbe7213c6c50ac6f429f4fb8.jpg,1,pose2
b83c67392153a0618ff86e7fdf02050bd94d33b957e936857c3ff0ffb4fbb519.jpg,4,pose5
b84e1a2c64756aa78154fda2f9136f4604fb1fb534d81bc25608602c0d585386.jpg,6,pose7
b8efcc3826e9b0d190289093f39d8bc770096c7a0efdede44a561598a2763ecb.jpg,0,pose1
b95053ba112ab095caf8dd11b97457e4180cf1f313ab1bae9ca7e5370626d124.jpg,7,pose8
b99a8291a66301dedbce164a7a6fd1b0eb415c814584ed384896522e238e2971.jpg,5,pose6
ba1ad442527f3ac54ff3ab995513f8e63c4aac0ce51c451a74f0717ed9579c31.jpg,5,pose6
ba2932626ca1092f1ac956c6d1b903b08136811e5ae9d60f0f1d5cbcef7ed7d3.jpg,1,pose2
ba6c67f1a4b55e07679da02d31b2c09d601ec9af67f3178fe06f8afb20f4bce3.jpg,6,pose7
ba890388ded79f80cfecdea4f80ac97be3bb8dfe0b174c1e5f1ce3ab22cd4474.jpg,1,pose2
bad6c2787c25e173501f0119f9266a1fdccdc61cbf57e1c2f8ef35f7d8c611d4.jpg,1,pose2
badad7f4d4b884e575f37d72cc6defec7b3d1aa0c58f823b79792f9cd7022d8b.jpg,7,pose8
badb0a5072bd0e501a08b8e5f1cc3daf70bfaf82e18c2fe5fa5d3f14870c5944.jpg,6,pose7
bb02a08e274098b1e419862dc21b5609ffc52a90d9a4e4cec2441f13c8713db4.jpg,0,pose1
bb0deccde006c11f25f19f95ebf9d001025908662c85ba31cf2fa8882d4e1a55.jpg,6,pose7
bb59e24f41829e77021e8c576da0f366b99bb6c859023a294215ddadf5f8bd91.jpg,6,pose7
bc05d29428f03a1939206ed571ee04251a173ca762dd382d8aa86f66722348a7.jpg,6,pose7
bc63fcdbd3f6b8213481bb3d86c5c08ef426a92cc6094d376ee73eff80efea0c.jpg,4,pose5
bc65ad31fc5b1725a9cd005113c05b29132af5a19b339fdff295c9c4eb75ed09.jpg,0,pose1
bcc2163953c7f3caef6d74fd6a89cb6f1596227bb770a0ba4033ca73a35a0699.jpg,4,pose5
bcd4af041bf08eebdff0a84aaeaa35a4acb43026944e9dba738cff7637f85ad4.jpg,3,pose4
bcf3000bed702085ee3283631a2c6d2678c0ff21226ab48038d005230b8feb9b.jpg,3,pose4
bcf37281248c22d263ca7f3eb020c44e2d4901a338db69d3486722dff627374d.jpg,6,pose7
bd2b0d0225f0684a5db1ad261ae6cff24d3c1d55862fd1676ac69850c08ba111.jpg,7,pose8
bd430d2914abeb1d43f65d278793964188e40a7308a76338e6bf0d5d7229d530.jpg,6,pose7
bd5861dd71704b8c96f8402b7dcc33cbe3c7fa1a6bd00400ca893875be87794c.jpg,7,pose8
bd6daa19a50e0219411f1ca53a043f7f1c58aead3d62545aa8749a1613bcf804.jpg,4,pose5
bdfea5087cb439ed6471ae917039b9c9dc8d87eb57727c3add65ee3baa8e9bf6.jpg,0,pose1
be396f9f9f8843a48b6327d730139874efe47bcf8368dc4041e22ca48a005f79.jpg,1,pose2
be5058c0ca835f046c2f62ab9e39427ddb9ed23669fb9f9d319739f0872ee29b.jpg,0,pose1
be835f625886c49589df0cee3648d12220d2f099e46c47b8a57377560f50f080.jpg,3,pose4
bee4948a51e7776e07447d490e7ec9f030f3b5641ea09b11c345cc918d035db7.jpg,5,pose6
bf38ec0aa3e143e624a830f5684356ab080692050a0a7dbfe1bce85b32e20303.jpg,7,pose8
bf7e8aa6e5f4ec204996342af6e17d8a9ae3f6c50b3ba0cccb5f7dc639071f2e.jpg,3,pose4
bfc3f51e37247f92ed07a9e1cfd288efeac883538a68e15637edb5276fe63282.jpg,6,pose7
bfc5ca933c95f4f03fe93b88da686b716a309b3d5dc440030e000e2cf2aea421.jpg,3,pose4
c003e9f56291ba5b689e900f53dc5db7a8b28cc9e31950a879d6680215e07dab.jpg,3,pose4
c055449f58bf262d3067692e339034e2bd2daab96c61b46bbb7a60f0f7b08393.jpg,2,pose3
c06559be397af5a56d23e3949634679b95643d81a0d14b0254d3e416c76d3eb7.jpg,7,pose8
c0af37da67f952771c5439d9e368f002a11afca4b83deeaf63885eceea518529.jpg,3,pose4
c1021131881669360ebe6f2d751ac084bb5fb7b6d9669be9d262219af66e1b64.jpg,2,pose3
c12d41737e268481b500d9973f9dcf9a79a3783626734b8399b1df36337fc620.jpg,6,pose7
c16b01ddd8dd61217a35f0a6643033f02e569af2f31c8cff5157995f8af7e44a.jpg,0,pose1
c186bcae2a1cb7f755a7b7cdccb23eeacbf2993ae5b3967e7e829098b3daa878.jpg,6,pose7
c1ee85058a88fe90d1cb095b4eab38498861f39cb9c290a2b3c0fa4230b89459.jpg,2,pose3
c22776d746616f6ed5d3b79fde5e980013633a3563601002517ee0a6ed7266fd.jpg,5,pose6
c26488c254a884ebaa442f007436f0f5a9aaecab15fa7d0a5dad96c70d24a8ab.jpg,3,pose4
c275e14b6b89fe038e5f127b3cb380b605f96dbb37560b34d9f85ca7019dad3e.jpg,1,pose2
c27771759ab9a4bcc95119a648c316db6cac3bbdccd3c2453bd3999881a876a4.jpg,4,pose5
c2c3ecc9ecfddea1d988311ddebf2a8edad0aceed91696f71837b826531d0562.jpg,5,pose6
c45380411654c5da98bfd0102c150ca6b9c96dccd67f7cfd30840f77e107a040.jpg,0,pose1
c454ecc827d925ade0ffa852474fae7b715aa7b7059659642357e58511522599.jpg,7,pose8
c4c556e944da7a230c183c4f16e6e2583e95ee0cd63667be9a6ffed3c7713a58.jpg,6,pose7
c4df052830f4ffb5b998b67637c57887860aac0990f82d63ce64e349cb09e965.jpg,4,pose5
c53b3f5f882e8948f42e8089b6a7882db70ab53a17625a3ae32d9a9548dbe01e.jpg,7,pose8
c5ead691df1beca23f778aeac5c0a793d8d84798ff5ea16680fe4db4c7cca546.jpg,2,pose3
c68bf8d984d8f2a1dd283efa406e4ee1aa5321a9eaa248e186c6a9303bec3cb8.jpg,4,pose5
c68e4f7d33704f58dc224e25231697ec0d159fa7f92a08f3f1212cea9e99d5d1.jpg,1,pose2
c69e75ca8b2fb591c54896051c73699b45c36d7a6b66ad81e5be038a4efc019f.jpg,4,pose5
c6dfe994868f46ab7532faae86d6e96284861d87902156968bffc47a832efc03.jpg,1,pose2
c7237f7f1fd8660ac5949bb5ce67120ac8a97b0731109e71639d3d817d07ef44.jpg,6,pose7
c72da6e0b36a9f31e6a98dbe6b03c57d5f3fc613a50e892f302adaef6443712e.jpg,6,pose7
c782df356d73aeec3ab78a7f1df7e661b56956f15bd9fbb403bb7df36fe1795a.jpg,7,pose8
c8145e1026daed3ca247822eb88acf9fa9dc885f0c0ca5cfd68c6235a1adb974.jpg,4,pose5
c823c50ec9d36613a0843269f689b147e14c404c4328ca35f6452eb3ca29b53e.jpg,0,pose1
c85fc5e4cbc366c0f4a902f73c9b18940fb25bf8c8d8c408c2bdf345cf35e124.jpg,6,pose7
c8ab7d92f4da949e5ca25cc6013312d277cd1dafa21ae5536eebb3d94cbbd1a7.jpg,7,pose8
c8b40d673519239e641c4c2d44e9d5d3a8eabc7c9cedfa206bc8066f8e86168d.jpg,2,pose3
c8bf21612b3b89f01b1501176862bff3edfde730135f2b03f29cdd0f00c309e5.jpg,4,pose5
c92c5984e2c755e3ef35da015643a76b14e718d9b8724a430a4f7c3b4fb56de4.jpg,5,pose6
c95ff7d6bf9a89f9f9d2b23cd11360c125a73ce13c24cc9098515b06a6454ed2.jpg,1,pose2
c9a68706351d3e45ad9fe669aafbca25c3e9b7d12a0a351c3c3d3493992cd6db.jpg,6,pose7
c9c535448c7098635ac2df6313fb42141b6fc0a296af39a363639d14f7ccca75.jpg,3,pose4
ca67ffd64f9db924fb0077897c318a70490b10534a17f95531ecbeeb51178cb4.jpg,1,pose2
cb99d71143f33fd219748a27c5535e2ec967f3c8fc709b720c1f719c61774fc1.jpg,1,pose2
cbb1e244aac23fe5a7ae772946a19da02581b3024d4d2690a23fbb601de57227.jpg,6,pose7
cbe4590128e0c7c0231435a486294fc182a9f0dab5960f0958fbd4e044a52ba0.jpg,4,pose5
cbf078f8ed0a590c3e7282e3db1a852613671ac0429eacb86c5e8cf11609488e.jpg,0,pose1
cc9ce6241b71b9a73030da38fabf670cc26554a90564cf82a1e3cce864cccc34.jpg,0,pose1
cceaef83b72af8f840d8bcdb89155ef33768b1ff2fe5bd5a0e2ab00eafbf3341.jpg,3,pose4
ccfc6a623cf7c5d3cf0d35874052d439975cc42f9f333e338511dd2adb0fbb8c.jpg,4,pose5
cd42ca3699cc2c86eab1bc955acccdfa671f7dae8e9679c28a78ff0757bb9d5b.jpg,2,pose3
cd6eda05fb8a4e12d03e3974c6717148d109a97b76bf9f6084f45ec69317f7c0.jpg,5,pose6
cda0956e077828abbe02c33d17f4b702a82267c1504e44b6c38b03f096cb22ee.jpg,6,pose7
ce1c59e970d683f1a55f6fdc8198f353dc256b9b0ef3c5159ccd6bde536dda16.jpg,2,pose3
ce5d84ff34e679d610081bff1381ba2b2c318248797b55b7d0109f16cae9662d.jpg,2,pose3
ce721e56ee744feb912c676a71680f7aa697b94df6d92e12f8a98510bc2f0515.jpg,4,pose5
ceca54f7f6952b07e427c15aa87f5f206e54a8f0b33c6e266d5c0cbfd1e19951.jpg,3,pose4
cf2e1e50458c169a4a2fea265c4ed359e154ba96e1f7af1ed93c311eef0a773b.jpg,3,pose4
cf34e16940953312e05deb3cc3370ca10d5b17f9cb637483168d04f14bc78213.jpg,3,pose4
cff118a08a38af75e7cfb2e9356e7f0b7040ae92a66e580aee2b4f6ded137b6e.jpg,3,pose4
d01229b58b00afb5c68c61baff736202c2b4b78bc6e52a8b66e8ae451143931b.jpg,0,pose1
d047be438520ed5840b2907083607596eb59e115b80ec896b6fc7633db8fa714.jpg,3,pose4
d073905a220c1e65fe579797ccd8c22d1b39f479ed8aba30c34db443565419e5.jpg,6,pose7
d0e3da0f29c73887b3c58e4542906d094428ccb8d06e27a7d0825cf9a708d0a8.jpg,1,pose2
d0f1b2ed1406e3d5f4c102ea5957c9b052667f3144180fae1530a9db22aee7fb.jpg,6,pose7
d1206d67afc308c91cc59a26fb1f5c660edb5ef62bc563a4c9dd4799f46c5a14.jpg,3,pose4
d148d2676c4b3bec68276446e636d9e7f605c209bec30517379b9b526e74d863.jpg,4,pose5
d19369e25070b4bfb0182cf3ff141f8b02e94e64f3b27da9bc9b8de939f13e4d.jpg,5,pose6
d20bb998748ac0a3b50582bea07ac47a1f166866b729384fc0776efa6318a8bc.jpg,3,pose4
d240e734e705259256bc5a94ab1bbf367017ac588340ee0f27b1401bdf83e0b6.jpg,5,pose6
d241a29f7f612b9b2289c69fb234ece7620894a63436d04426140332a12fb28d.jpg,6,pose7
d2470086620d06adf0a6a0c87e01448de6692563b0125f15a24a37c4fb1872a4.jpg,6,pose7
d25d24b76ee02b7b7fb6d5af18660748724be3ad1fe2c9249c3b27bf5caad700.jpg,6,pose7
d34762b6fb7217d64c566d19ffab6eb17756eb5e506a248d2dc6c13eb89260cb.jpg,7,pose8
d3577812fe58794f78347cbda0ded9d8ed2721bef09ba4b8a0a2292d085c5db9.jpg,6,pose7
d36dd742f299d9cb82daa34c634c92c70ef8c9f2b4bfaa36641b818abd405bb4.jpg,3,pose4
d3d39cdd17de0437bcd6b0660464a9b49b4d719685da99453be4cc4a43bdc728.jpg,0,pose1
d402875dea8c956f4dd781af1911e940fa1aafc815c50cfd2c5f2143f610e58f.jpg,5,pose6
d431f82ac95ca957cc784b7a133e76f2160f809abf12b6bf1508426ab9b90f69.jpg,2,pose3
d4442b77ac7cf79e0dc9e08511ed222dcd2d8783ede64efb522c2914390af783.jpg,7,pose8
d478dbbb044bd92663537933f08992525c1f6cf7ab70be03c0a5a277b871871a.jpg,1,pose2
d4842763294bcbda986b2eaa65ebf701fa81d7fa5a955d2724727a7b23aaa24b.jpg,0,pose1
d51fec4c2f6d1ac562d2bd57f7b40cb1c22c4b7837232aca58e2451974a99d36.jpg,5,pose6
d546db8f12edd49a5941b8e77c7d3237a4b41382f65ae922c010e09f6a08217e.jpg,0,pose1
d55f0eea4d9d72f086656350dc93dfdf4dff105ec64617cc0448345fb0d88dae.jpg,1,pose2
d56f5b6730f0f47083afcdc205f97f6506f35ef934c49538fce18b2584e759d6.jpg,4,pose5
d581e0263551cee30bea97f7c8b9280192392897471d4546e474bbc148665a61.jpg,0,pose1
d65b7e1b3303e1355ebfc7da379aa2bccf887a0db439303e1b7155c196ffd753.jpg,3,pose4
d690edbe5be4b3dac5e7e0f47e55d78edfbfbcd4e61d8539e3cf9c9da3aebe6b.jpg,7,pose8
d6d31652e8e9d195592c95957e828bca06e96c9829732b8fe44788530169e20c.jpg,0,pose1
d709ad478fe075031f3646d430a8cf8ce38d136e50c50fbabc8b79f274cfa9a4.jpg,7,pose8
d7262a242250aa42dea040289310835b8d09daf861b03637321f6ec9675f495e.jpg,2,pose3
d73eee9e794470d63f56a644bf518a579f7261c6c67e808f83be0ed64855a46b.jpg,2,pose3
d7502bc3c188031111cdbbe615d7053ae5dd7d42f932ba20254756f6b394d39d.jpg,4,pose5
d7da31083d4ff16c71eb211a2df35f9135254ec00ff97ad1b12592d8c749a74a.jpg,4,pose5
d7dd74e2784674e8140f3f0b604a8d3677867e5e421db951df90b0622ec4c4bb.jpg,5,pose6
d83d19cb15a038c0bd70d9c456b94f9e7c6bcb0f286fae7c469ed1e531955872.jpg,1,pose2
d84f5b5bd2de8e2354f0413528f7e94cf9b4be158684cd1c436afb819bb6e390.jpg,5,pose6
d87fba1e8a8402fc72e9f919e28d678c508045ba97c6411f49f6d4b2c8c2d6ba.jpg,0,pose1
d8869bb640bfe0555bcdc3ab27c1466d1b3f5a48647746986816c056b9cd1889.jpg,5,pose6
d8fc45c8eb739c519c1cf8e23478d0147db69c35ee345ce96f1ffbd44c2b5b01.jpg,4,pose5
d9220fcff329cf99a96f1a15a97059e0c6e361cf93111d07ccddea213441ca5d.jpg,7,pose8
d93a5fe678c27977ed61d2bb9bf868a5b5154ae6f119ad009230bc2a608cacea.jpg,5,pose6
d9802e74dc802d8b48f415d3f0a8ab8ef407b55d8d0bb51a0d282b9f0aa873e1.jpg,6,pose7
d992b977db10940e23373c4fef2533ef81778679b6c890d9aa8140c84087d492.jpg,4,pose5
d9bd4128c685dc43fc954719dfba2068ad06bccdb0b63f179697c483b9b97486.jpg,3,pose4
d9c08e60445f612e58269e6492e1c552a47b969db7e47b02ad6054ec78532807.jpg,2,pose3
da87cde0b07ed951fdcc886e559b0bf2d17077f7017ffc41d8d8e41e9050b8aa.jpg,4,pose5
daaa09ff6ddf4bba6242ecaefdc79e9b119cab0ef08b5bfed31f9a9e27c30356.jpg,1,pose2
dac1249eb2ef9e887b302e3c8a634ed50f6d9ecac92ad4b63cce4c287e22a5da.jpg,6,pose7
daf44e0fab37516a522ec574bb9e6258e5a30cfdea2e36a2a83ec2e2bf1afb33.jpg,3,pose4
daffc98ee67b88e11d629d32e84d616a9ec56e0834e35f72571be9119f736ee8.jpg,5,pose6
db72af8ca01cb69cb80acfadd279cf0ca57ddd1b5440aeddac436668e4a2a6af.jpg,7,pose8
db8b14777ac9a8d9a97fab582d38a7984f3e43248f5a229cb919a81b8814d06f.jpg,3,pose4
dc1608fa776a950e619183b1d1fdd745f661ab8c4c6eb2e7ce47e56ff0d38467.jpg,7,pose8
dc629d6a51061abecd163c0160a2649156e4d2c0018299b092a3925692f973d5.jpg,0,pose1
dc73094983cdced630ae05367fc745936a932f4fdd98f5325127133ae49891a8.jpg,6,pose7
dc8f0438a130644418bea1e124b42fd384535ae487b90fe8af47396ecc503a49.jpg,2,pose3
dc9a52d32f91b611e8c1edf7950c6bbe05b6359e6f7d532a274ec7e1b613b673.jpg,3,pose4
dce63e3e33b57ceb4a37f2c42f980b78053c9058e59f5487bf27a5eb216fd8e5.jpg,0,pose1
ddd651aea02844a05384b5a624f2888bbfcb049ba743846c55598a5492f01a9e.jpg,5,pose6
de081fcd015ad414968696dab1405459d3b065d84011d629d12f39190e1dad6f.jpg,3,pose4
de18b77309c27c88eed21cce205c57221526284acdb472a2ade4bf1c7f81e6ba.jpg,0,pose1
de74f18864300e664b2ae0d2a732227fb0504bdbcbe2f307b55e2b88baf8d31b.jpg,1,pose2
de7dc1033c4ba77a885a6f83b53d63cfee6db3d0fb45d5cda978e8c3719de561.jpg,4,pose5
deaa760831f050f5d00865fcc43a45b5dbd1b4a1e219ddfc3cbd5a40eac03c8b.jpg,4,pose5
deb087fc75621f187a759dda87b56ee639cf2f26e99c1b4e0b32c520c4b9071f.jpg,4,pose5
dfd8486b2e6dd1e9bf3f8696e23510f26c674141da557b649de146e2845f3f71.jpg,5,pose6
dfd8acfed2b0cf6aed99bdbb85ed85b932149914487ff49fb434f050ad0b85db.jpg,2,pose3
dff3ffb3faa89c41bcaac2f46a4119069620b564650a6c2093f9abf7c2e09466.jpg,2,pose3
e037ea63b91c5e92ad567d1df941af5ecadcd1695ac4266953fdcafe23906cfa.jpg,2,pose3
e040c798860e84f34343a9b3c4178bfc612e4aa0ca37e4d8b9170b0ba57d7615.jpg,7,pose8
e04ff08f68e00607ea290371690cd8381807869f17f4a10b7cfadd4064a30c08.jpg,4,pose5
e06494075355dd2d5ede5884913db9d6d60ad86558d8185f80b4ff9a0950fb84.jpg,6,pose7
e068803ac7bb79b8c19b9ef11aef03ac1c0d2de4a7dc13191a2cd9ce2a8ad0f4.jpg,2,pose3
e06a98bb246991e462322520abbb32a2e5d328a83d5d08048ecbda8091e11195.jpg,2,pose3
e0797f41263394ecd6b4a987e01c35b97864bdafe8d1226d81d2da2599552e14.jpg,5,pose6
e0f53b3ec340400312ec125667c3101052f92428b5a26d1b5954e2328bd16ebe.jpg,6,pose7
e12675f9380ddff6773b118cac09fa9d595a629a698150715c68b103051edead.jpg,2,pose3
e13148fae9ba9b348ee11320e4cf9409283a57f709222a519d8c8f29604549b8.jpg,5,pose6
e14e4b9c09a7347ef08e9bc3bf5df70f822907ec3a570b752254288bccd89467.jpg,1,pose2
e15a7559dbd9fc631b54c2099af5886d2b9eeea4411827943ad6131e40b11045.jpg,6,pose7
e15df5adb112d15f14103b05e7d04221dc8faa56d770bd15268b92ec758393cf.jpg,6,pose7
e1f4c9a78476dabf5c8369396f3bec3faea99bb28a665739f84cee8e623021a5.jpg,3,pose4
e21bbfeb583e4e936d7573191774d76b0bd27808340de29ed88ec462116327f8.jpg,0,pose1
e23a0f6544f6111cb702d100e5fbfb0e5b5abc58ce31712426c21876acb8a645.jpg,6,pose7
e2400b2f185f2a48f7a71d206097f19c25ee5ad2c01978b3382d6abbb98ce58b.jpg,1,pose2
e259c3c121e59db1e44cd5ca4b576fa7c1c89179eb9cdad1ed5ab68fd84f1fcc.jpg,3,pose4
e2d36eb0bd35030cb23534fe72f9d1ca4a8821c15a55634bb5f8618ffea981b0.jpg,6,pose7
e316f09b24d59d057bcb5960d5d2655a9d5e48e91007ea44cc33a48c1d6d2e35.jpg,1,pose2
e33084faa921a732b8c62781cd67f9883ecd3aaaa700f52c1f7367db2c940795.jpg,4,pose5
e39c7cfb3d0916087990afdbdf7a1eb926159bd6d994eb8ab2fddc62865d8c1a.jpg,4,pose5
e3a3c0f86b02c69d55dcb556765e0df898cb76d6e07d0222e2fdc9c7828e0247.jpg,6,pose7
e3b4b3413b467ffb8362e18aef21b290815f5a489cf09b9c7121236fd5fb8400.jpg,1,pose2
e45e064c287a6856ce0918799ccf1872754d9b5a253ae38c60418df60e540b21.jpg,4,pose5
e4794faeb2732b5bc9c6a6f2d8bea202d1aee81c8a5f6c35a0c087dc39593ce5.jpg,3,pose4
e4825cf41d065668d28af677f60fba7f62247b259f1d96e3056b92111ed56755.jpg,3,pose4
e49322c6246006397e3fd6b25cafdccfc76000e9b9a4918ff94530a05908b321.jpg,4,pose5
e4967deae1b9154f56c48082f26f794ccd74390ceb775dbb00876d9cc71417e7.jpg,4,pose5
e4a55b3a92ad575d3b11e2427d4383bd12b861c32310fa1c2896b1280ce5d299.jpg,3,pose4
e4cf09c6d86e9cffbe502b7f5e70cd839e631e6e0727bcf48dece096810d7628.jpg,3,pose4
e5346a127843d0514c0228c8ab3257cbbd16f56305eba5a7e1c2c3995de394d7.jpg,3,pose4
e56a009ba31346a9a3c422f780e577a8353a63164ed5f698d80830a457589482.jpg,4,pose5
e570f3ed0a7d99f049f9a1a9e1dfdca1adcdb41c5795016b0213d3d5dca7d47c.jpg,2,pose3
e5ace8421644ed4e2b2d99a6731736069e4ed7738913b8db0ef7c012b58e19b1.jpg,4,pose5
e633d558f63fbe1c2a25b1cf5c116927a92ee706351bbd1abc8274b7c30f6bcd.jpg,5,pose6
e67ad8240f780490f1a6bdf371522273f4c15d81e6346369af2cf591416ef95f.jpg,3,pose4
e69afed638ac0404784e46f94a6c1bff6ba2bb8abf08e4d253b64b310013a4c9.jpg,6,pose7
e6a1887017211f4d98736746c2af8334d6df0c9c8bf35ae3d1d8f388104c68a7.jpg,4,pose5
e755d62095c1fb9beb5a05c71bcdbb4cc9d087d5d2c9252e782c5eecc02241b1.jpg,0,pose1
e79250848d4e4ca026e406cf9376177afa182f746bfaf7e86cb8120b3946a52a.jpg,3,pose4
e7de30b00e23e158c674a1bdce4ce9347cd6e519d9105c2190e67211ee3f8a86.jpg,4,pose5
e7e2aed96e0ca93ee371cc8e6eb3451db47f2b63fb5613d3ada325f57f2667d6.jpg,3,pose4
e7e7235ff2bfb45ce507f82f9ac31ab827fdc7a067b711f5a192b4ebb9b79511.jpg,2,pose3
e85707b58e15cc099f603f3cd0c59484b87e557538d3e7e09d751587c4ab1d31.jpg,5,pose6
e8c2105dcc911da3a17269a1b22aca770bafef1a2e86085122506abc24b2f0d7.jpg,4,pose5
e8c863ffc04ddc45d6cdf73e2d8e3f954aa4574da1904fe289a2c0b19fa53e10.jpg,3,pose4
e930f0bf4245203355ca0cf683d8d1030739679b054b701cbf0ae325b6153562.jpg,3,pose4
e94762cbb417cf302b3fb3e36b69e34052a7ecc12d4cf98897f79e902b79aa3d.jpg,3,pose4
e98416e842acab01d7b4e797843ca3e91968e7ec33034bc19ed14c3b5f08fdf3.jpg,4,pose5
e9cbe6f20b33f7f4ffa8424f02a4e6b99ba204e5437e1f55fa7b7952c2a6c772.jpg,0,pose1
ea36920f78cbb1a9cd6c11bc1d9ba8274b9fd6ae63a81326e7050b8d729b3780.jpg,3,pose4
eaa41f507911658f069fe2126c41429635906493f2d92f14845624f5eb97c3b8.jpg,1,pose2
eab39699d505204277f19472f9e3cf56d296bd721c69875184ff627778e3f80a.jpg,1,pose2
eaf226af1f96536758cfca50e9ff2f7125e65831bea69fe1cd7c35da91aa4663.jpg,6,pose7
eb0cf74209d6a897600bff779c7b56040549ce3b524da7f470a4d1d7c930b9c7.jpg,4,pose5
eb38140aeba5aafb87587685002fea6cd8a3c6d5110ed83906bb7c8aced23db9.jpg,2,pose3
ebb14296723becaa7c1e969997240c4e56088fbf132c20a3658c9534e70475bb.jpg,6,pose7
ebba892606c0dbae2ae4018822ccc621b24840de14888417f2ee9ef53667871c.jpg,4,pose5
ebcbc6a437becb2e9a6c775b10c851f62309f09461af449c4edb00dd481f0371.jpg,4,pose5
ec3e6132cf0820957cea08206ffcaac659077436840a572d634877e0ecb70b2e.jpg,1,pose2
ed02aefd00e5ff06ec0e1d90e6887a8d110f4985c1e77647c01fc4d434a7d939.jpg,4,pose5
ed145e69a27d2acc41cc55b3b92afe5ed948628eb62907a1aa729b3c69ede96a.jpg,5,pose6
ed18f3bffb014bf18c7a65af3a7f4ff5a14f4283d34d79610f942b9c8dce5dc1.jpg,4,pose5
ed92fd38f5f7d985cafb1c0e8b6c07e260fcaaa056aa7e6827ad348244232fca.jpg,1,pose2
ee0cb41733b8917879e662a6151d11aae04e21961d8802fe6d0379cf2ec9b858.jpg,2,pose3
ee203296c058f9e0be39427076ea50bf84a99f2b03a9d2aa7170534a881de2e6.jpg,2,pose3
ee53be1ca09e5a87dabac1dc59ad3f41a18bbb3ceaefd46495ac1bd86c3cf881.jpg,4,pose5
eec4b5991c76467b919c398d348a614ec9078c1ac20b3f01df8171c993a85024.jpg,6,pose7
eec8406bdcf3835181e4b6e881fad8c561192d3e9a465019b3c1d853de621ddc.jpg,2,pose3
eedf6bb7926fd47a4e3d08fed30ccc30c5e279ed712484bd510a670121bc8eaa.jpg,2,pose3
ef97416bb8b94a072541e1b0a89a8675d8b29f11365a5aa112264f4a52114f91.jpg,1,pose2
ef9979ec157ca1c7137ffce50780fd586d805e7e78cb31230f7e351fbc7c818b.jpg,4,pose5
ef9fbeb7eb7553c76de9e6e2b7d8e95e8a973c018f33fb93668f1807b6356bec.jpg,5,pose6
efa181119de3616e928723a7cc3f6302051fdae42faa6ebf33d48c48f0bab08f.jpg,6,pose7
f006fb63e749e3ce703332e774e4dfc45be9632353a906705f8eb3dae26637ac.jpg,1,pose2
f01b0e95f24d66b0a3ffd7b552d133debeeea518323f57ae3ef052e9ab225cdf.jpg,0,pose1
f0877d70d8054c535f9af5ebd586a501c43fcd2266a21ad19e20f3d39331bcdc.jpg,1,pose2
f0aeb95690801a225cf059a0c06532b3727dd21c76c1f547d59c28f9d1cf251e.jpg,6,pose7
f0bfa5220eb1264c0819cf541de0a0e2f1dcea50e95af7978fcb32086b543de7.jpg,0,pose1
f0d337251a0e413e2b45d3aba9a9b5a7141025e98a484335f405642c2c8743fe.jpg,2,pose3
f0f9906619ea49bcd678935ed1c33004a53e1f85b45b40dd60a5e5361a804e01.jpg,7,pose8
f1a9aeefe71fb6521a563882a8b48455d7055f4877822afff9397c4309f0849e.jpg,4,pose5
f1b11688ac4acc81e1a387c114368e6e41274195f502bb3aa0b8fce290d29650.jpg,6,pose7
f2745d5f18ba68551b1bdd2120325d888138c42fbf9b01b7d1bca2d25d9c5eac.jpg,1,pose2
f2781882cfb706227a86aa9fa2fe06a4cf8f68ad2167f57423e7cca326a7be3b.jpg,7,pose8
f2a04cf03578903a97a9c77d05c4a65670c59cb7420b9d6d371baf3a433e54b5.jpg,2,pose3
f2e547bf67bbaabda4f873f958ab49b19e83b7e7f34a8ab92045199165a28d0f.jpg,0,pose1
f3176c2290fba5aa07d15b9f890a9e83fa8c4b37c4d3d31af67c4e49f05714c0.jpg,4,pose5
f32083d8959ca04697468260dc6fe13b0a617f6e76dd1bdabc25512dd30720de.jpg,6,pose7
f32c41000eaab2c69b3d3eee0cc1fa64d265c2f1552915ee987a52b0de91d953.jpg,1,pose2
f33789f9473741c65d7ecc9b928ec267475a784630f057bd1048e2990c08a65c.jpg,5,pose6
f3601790f95dee16f7f80cb6f90469ad3267211146b1f2b839be4639219e6370.jpg,5,pose6
f42ac61a0d6d773a3a939d79c2d12465d4bad06b06a712f86bfe9f3d44dfac93.jpg,3,pose4
f44989f81ef167390d894de80da83aa34338322ca549be96c1bace76283f2721.jpg,0,pose1
f53b27ecfa3e887e50549f085d3e26cc87a35caf7938b682b9ac48c01a80898b.jpg,6,pose7
f5a1fa1aba527a7e3b2fb0dfed4993c51efbaec65f16a828b5fd035832657c26.jpg,2,pose3
f5cd9e3cd1634fdbe2fd50c367e03428489758f02a2e6bf20719860603a09bb0.jpg,0,pose1
f5ce556e0af6b318c1943c17cd443013932a132c49a207581eb145ad6f4d7389.jpg,1,pose2
f6566a88baa29f4be97a0d6abd8638c621b42d0c78fb776a8a76fa3801db44f6.jpg,3,pose4
f694d0eb3576d4273b0211225d44bfe0cf9b0ed3559bdf9c446acf5afb6935cf.jpg,1,pose2
f70453befd1de60807cd4ecb04a92e5f1ad3a4e26614ee1ab0ac483205754893.jpg,3,pose4
f71715172282fba0fa1c9270bbb3cc8c0ade1716b01dbc31b097e84febf7b4c8.jpg,0,pose1
f74f2077802c806449a8dc2fa5d86a4ae44e6e30551d3573491a66217120814c.jpg,6,pose7
f759c4c1d23c5eefe5bbeb7e89153378174d75e447448a0f1661c49e77936d01.jpg,0,pose1
f764dbd4094d37d119bdfba69edda7ed93e4a45a7ba59f17531f204c4a1ee16c.jpg,5,pose6
f7803a753aeef82f1d0d13021380356feefa2c79a689b0164f8969a713bd6b6d.jpg,7,pose8
f7f0e923e123f98eeb362d886476be73d0593ae58a299fbe184da4320e55e5be.jpg,3,pose4
f7f29eb0f1300c4934ee849a3200fcb96c27101ff187dfb67338a48d45707249.jpg,0,pose1
f816c8a609c781fe6b4f5a23bfdbcaccfa007cb09afe0e570cb49241aead1350.jpg,6,pose7
f818a8bf1fafded34bc1a2ea0f471fe6fea975eb862b38f51b471ff61df8ac6e.jpg,1,pose2
f849582a23e82796019b722c5e5c2498d270675e91e4b053b8816ff7961afdc7.jpg,6,pose7
f8fe65caa8ac987d4569787b6f0deddc918958f02d4acf3b0778a03fff160fff.jpg,4,pose5
f9be81801eff646bf47a64f4f9a1d1532046f7af85a4e0c44eae98531b0e8ad1.jpg,6,pose7
f9c6b8021a13515fc259e0531df0a26b1907e18434772092ae33a01bbacfc0af.jpg,3,pose4
fa025dd14b39a34d5ba9eba42a56b86753efb7e590b9a7ca3b110ca9101c6c7f.jpg,2,pose3
fa71ca9abba991ca0a957287b682b4c91d2f1b5b767ec9ee361aff9eb0f150e9.jpg,6,pose7
fa754f797850a21b5628081b142731baf0a3be86c29e495b1a8c9bd60f36e96c.jpg,4,pose5
fad20536e66e9f8ec7f9077992569beb2cb6645caeda578c200043b0d367a6ca.jpg,4,pose5
fb161dd5ba820b3a32e5feadaaf3891e50e41d42443d376dc4a42ad5a795ed91.jpg,2,pose3
fb6a2dc4ad91210caaa017099200efb72de40d6c7e44494c71ae822078c964ec.jpg,6,pose7
fb820d3ac0d4e22ccd780fa199c0cb3ed224bbb0ea6883fe958983c6dbadc9d5.jpg,7,pose8
fba725dfd3db18fe7ef72ab5ed508e54a4c7788258c22fd8343c87c99277804d.jpg,1,pose2
fbc2bd48f1d085ecc15672a8f53072cd02a0d3ea7d2e6f8b094478f8a6fb1dff.jpg,5,pose6
fbe1e9f48db589d025f987b1558d1a93a83fe90cd006f4694f9fb8a427dd87be.jpg,4,pose5
fc5371e241b5db81da87c144ef33d8b6e96146e2eb1b4b9b04ad613b16cfa973.jpg,4,pose5
fc87fc2f72ebbc9aae4d783b1914c0b84b88c84f3c6181358b18a76221908726.jpg,7,pose8
fccd7f5a9c97c9f170e6986da1c877f3ff3f9f8b5b20e24a26add38510ef9af2.jpg,6,pose7
fd352c6d87fc1fe88318a55dc40155d27378006ddeece1f69bda8d7c3a06a616.jpg,0,pose1
fd4af00b72ebae9b25a7fff6eb5e38dac4aa9e01f87912cc4e748975a3cda98f.jpg,5,pose6
fdc899c9f3555e6769f8b46cf6b6d892cc94818053e85e72012d17b101fbc5a5.jpg,4,pose5
fdd9bbe13a64f184c5238a377ca88674333b2d80409f42008c59eb5d520579bb.jpg,1,pose2
fe1eae6dde4bdc9465105ac4678c5ce92ff7f6483e3df6baf3771ffe57beac6a.jpg,6,pose7
fe45dfadc2e82566726b220ad845db7503895fe046fe1206dc85d2a65b0912ae.jpg,1,pose2
fed71ebaea8e1e56eace28966b7ac143b8055a7b0dcffbd515a8369cfcb66615.jpg,3,pose4
fedd48ba810f42185b3599671a42247759bdc3686d8b98d13820c621a32a9bda.jpg,1,pose2
fee997f7fda18564d6c5ce2e2868b9ae2a7c856c8b1c22b5a2d25325add2b204.jpg,2,pose3
ff0408b1f344a8b3eb00fc3c2ff8db4a75390609bf08e57e56b5635a1dcd36d3.jpg,4,pose5
ffb8476c7c121d1e20574db251c9cc050bb687e63e48185a672bf1c199bc473b.jpg,6,pose7
fff3d3f05e3ecd48eb6804fa56ce65be74b7312a7c168a114d9d56a98b90508d.jpg,4,pose5
